url,source,collected_date,confirmation_method,is_reachable,http_status,reachability_error,label,rank
https://linktr.ee/SLRowland,phishtank,2026-09-18,feed_domain,True,200.0,,1,
https://qrco.de/beudI0,"phishtank,phishtank_kaggle",2024-04-01,feed_domain,True,200.0,,1,
https://snazzy-axolotl-9af644.netlify.app/,"openphish,phishtank",2026-08-04,feed_domain,True,404.0,,1,
http://poised-mermaid-596073.framer.app/,openphish,2026-09-22,feed_domain,True,200.0,,1,
https://l.ead.me/bfJlji,"phishtank,phishtank_kaggle",2024-08-18,feed_domain,True,200.0,,1,
https://mc7-t7r-mueh-8or-yqhlqk-74qrb.pages.dev/,phishtank,2026-07-31,feed_domain,True,403.0,,1,
https://dravexa-kig-larquna-c5t6hp97.pages.dev/,phishtank,2026-07-31,feed_domain,True,403.0,,1,
https://l.ead.me/bgbDym,"phishtank,phishtank_kaggle",2026-02-05,feed_domain,True,200.0,,1,
http://ecogama.com.br/Obb/kkr.html,openphish,2026-09-21,feed_domain,True,404.0,,1,
https://qrco.de/bfSWKj,"phishtank,phishtank_kaggle",2024-10-07,feed_domain,True,200.0,,1,
http://sp12ct-dravik-biz-zemlor-parsok.pages.dev/,"openphish,phishtank",2026-08-07,feed_domain,True,403.0,,1,
http://delicate-horse-3bbb09.netlify.app/,phishtank,2026-08-15,feed_domain,True,200.0,,1,
https://sites.google.com/view/218724374527,phishtank,2026-07-06,feed_domain,True,200.0,,1,
https://l.ead.me/bfQVRi,"phishtank,phishtank_kaggle",2024-09-26,feed_domain,True,200.0,,1,
https://sites.google.com/view/mailaccessmd,"phishtank,phishtank_kaggle",2024-05-22,feed_domain,True,200.0,,1,
https://qrco.de/bgZt5u,"phishtank,phishtank_kaggle",2026-01-24,feed_domain,True,200.0,,1,
https://qrco.de/bfGG5W,"phishtank,phishtank_kaggle",2024-07-27,feed_domain,True,200.0,,1,
https://qrco.de/bgZUdh,"phishtank,phishtank_kaggle",2026-01-27,feed_domain,True,200.0,,1,
https://sites.google.com/view/attnet-104921/att,"phishtank,phishtank_kaggle",2022-06-13,feed_domain,True,200.0,,1,
https://l.ead.me/Verify-Accountnumber3497,"phishtank,phishtank_kaggle",2023-10-05,feed_domain,True,200.0,,1,
https://www.roblox.et/users/9454799210/profile,openphish,2026-09-10,feed_domain,True,200.0,,1,
https://l.ead.me/bfJcco,"phishtank,phishtank_kaggle",2024-08-17,feed_domain,True,200.0,,1,
https://qrco.de/bgbNHc,"phishtank,phishtank_kaggle",2026-02-10,feed_domain,True,200.0,,1,
https://l.ead.me/bfEd4D,"phishtank,phishtank_kaggle",2024-07-17,feed_domain,True,200.0,,1,
https://qrco.de/bgbNUu,"phishtank,phishtank_kaggle",2026-02-05,feed_domain,True,200.0,,1,
https://qrco.de/bgaBSE,"phishtank,phishtank_kaggle",2026-01-26,feed_domain,True,200.0,,1,
https://qrco.de/bfH0vqScbsdwerger34hb,"phishtank,phishtank_kaggle",2024-08-04,feed_domain,True,200.0,,1,
http://spectrumconnect.framer.website/,openphish,2026-08-01,feed_domain,True,404.0,,1,
https://allxfinity.weebly.com/,phishtank,2026-09-09,feed_domain,True,404.0,,1,
https://www.roblox.com.am/users/115227427682/profile,openphish,2026-08-15,feed_domain,True,200.0,,1,
https://l.ead.me/bfIxOl,"phishtank,phishtank_kaggle",2024-08-14,feed_domain,True,200.0,,1,
https://qrco.de/bfJ1Mc,"phishtank,phishtank_kaggle",2024-08-13,feed_domain,True,200.0,,1,
https://l.ead.me/bfJRP0,"phishtank,phishtank_kaggle",2024-08-16,feed_domain,True,200.0,,1,
https://vo.la/uMdVDKb#s,"phishtank,phishtank_kaggle",2025-07-09,feed_domain,True,200.0,,1,
https://tinyurl.com/2vxcevyj,"phishtank,phishtank_kaggle",2025-08-23,feed_domain,True,200.0,,1,
https://qrco.de/bgbWl0,"phishtank,phishtank_kaggle",2026-02-07,feed_domain,True,200.0,,1,
https://ipfs.io/ipfs/QmVbDRJJn6EPki1trznqEXY1ptWccSiMK5q571vmd1jYFA,"phishtank,phishtank_kaggle",2024-02-19,feed_domain,True,200.0,,1,
https://sites.google.com/view/minhanovacampmikass2/in%C3%ADcio?fbclid=IwAR1w3E9TR4RF_6mCtLUXy5-JYOB-_-paRtQjgXrqa4UYl0Y83mupuCsKpR0,"phishtank,phishtank_kaggle",2022-10-03,feed_domain,True,200.0,,1,
https://sp10ct-galek-biz8-lurep-domin.pages.dev/,phishtank,2026-08-02,feed_domain,True,500.0,,1,
https://qrco.de/bgZSCJ,"phishtank,phishtank_kaggle",2026-01-26,feed_domain,True,200.0,,1,
https://l.ead.me/bgZaIO,"phishtank,phishtank_kaggle",2026-01-21,feed_domain,True,200.0,,1,
https://sp12ct-havdok-biz-prasor-zormik.pages.dev/,"openphish,phishtank",2026-08-07,feed_domain,True,403.0,,1,
https://qrco.de/bgduaw,"phishtank,phishtank_kaggle",2026-02-26,feed_domain,True,200.0,,1,
https://qrco.de/bgaUDS,"phishtank,phishtank_kaggle",2026-01-29,feed_domain,True,200.0,,1,
https://sp10ct-gorev-biz8-murep-zalin.pages.dev/,phishtank,2026-07-31,feed_domain,True,403.0,,1,
https://l.ead.me/3n4fqf6gpx8d,"phishtank,phishtank_kaggle",2024-08-25,feed_domain,True,200.0,,1,
https://l.ead.me/bfIxem,"phishtank,phishtank_kaggle",2024-08-13,feed_domain,True,200.0,,1,
https://qrco.de/bfBcth,"phishtank,phishtank_kaggle",2024-07-09,feed_domain,True,200.0,,1,
https://l.ead.me/bgbb2l,"phishtank,phishtank_kaggle",2026-02-07,feed_domain,True,200.0,,1,
https://sites.google.com/view/fuiys-er-2tyfjdc-h2026web/home,"phishtank,phishtank_kaggle",2026-02-26,feed_domain,True,200.0,,1,
https://qrco.de/bfSlCM,"phishtank,phishtank_kaggle",2024-10-08,feed_domain,True,200.0,,1,
https://qrco.de/bgafwQ,"phishtank,phishtank_kaggle",2026-01-31,feed_domain,True,200.0,,1,
http://wesharefilezipkwwdn.weebly.com/,openphish,2026-08-05,feed_domain,True,404.0,,1,
https://php-web-server--antijudas2323.replit.app/,phishtank,2026-09-03,feed_domain,True,404.0,,1,
https://sites.google.com/view/protonmailservice/home,"phishtank,phishtank_kaggle",2021-12-08,feed_domain,True,200.0,,1,
https://qrco.de/bgaJSE,"phishtank,phishtank_kaggle",2026-01-27,feed_domain,True,200.0,,1,
https://tinyurl.com/couguy11,"phishtank,phishtank_kaggle",2025-09-10,feed_domain,True,200.0,,1,
https://tinyurl.com/iuvjkjh,"phishtank,phishtank_kaggle",2025-12-03,feed_domain,True,200.0,,1,
https://qrco.de/bgcY4g,"phishtank,phishtank_kaggle",2026-02-14,feed_domain,True,200.0,,1,
https://www.secureaccountview.com/BFWeb/clients/creditsuisse/index,"openphish,phishtank",2026-08-07,feed_domain,True,200.0,,1,
https://ipfs.io/ipfs/QmZpfUHb5196eYHJBLFM18dBUqnqBbpj1CCT1rC6wAANHq,"phishtank,phishtank_kaggle",2024-02-19,feed_domain,True,200.0,,1,
https://comcastverificationupdate.weebly.com/,phishtank,2026-08-07,feed_domain,True,404.0,,1,
https://l.ead.me/bfNp01,"phishtank,phishtank_kaggle",2024-09-12,feed_domain,True,200.0,,1,
http://php-web-server--antijudas2323.replit.app/,openphish,2026-08-19,feed_domain,True,404.0,,1,
http://sp12ct-ladsel-biz-kersor-hamvik.pages.dev/,phishtank,2026-08-07,feed_domain,True,403.0,,1,
https://l.ead.me/bfMSZr,"phishtank,phishtank_kaggle",2024-09-04,feed_domain,True,200.0,,1,
https://qrco.de/bfQ15o,"phishtank,phishtank_kaggle",2024-09-23,feed_domain,True,200.0,,1,
https://qrco.de/bfPSjI,"phishtank,phishtank_kaggle",2024-09-19,feed_domain,True,200.0,,1,
http://sites.google.com/view/shopeehethongxulydonhang2026vn/home/,openphish,2026-08-19,feed_domain,True,200.0,,1,
https://sites.google.com/view/gmx-update-address/home,"phishtank,phishtank_kaggle",2026-02-02,feed_domain,True,200.0,,1,
https://l.ead.me/bfJnHU,"phishtank,phishtank_kaggle",2024-08-19,feed_domain,True,200.0,,1,
https://qrco.de/bgaRIo,"phishtank,phishtank_kaggle",2026-02-07,feed_domain,True,200.0,,1,
https://l.ead.me/bgc5mI,"phishtank,phishtank_kaggle",2026-02-11,feed_domain,True,200.0,,1,
https://qrco.de/bfTeN2,"phishtank,phishtank_kaggle",2024-10-12,feed_domain,True,200.0,,1,
https://www.roblox.com.mu/users/7019709587/profile,openphish,2026-09-26,feed_domain,True,200.0,,1,
https://l.ead.me/bfI2QH,"phishtank,phishtank_kaggle",2024-08-09,feed_domain,True,200.0,,1,
http://to.lk/cnzhem,openphish,2026-09-27,feed_domain,True,200.0,,1,
https://sites.google.com/view/onjusssite,"phishtank,phishtank_kaggle",2025-11-03,feed_domain,True,200.0,,1,
https://did.li/LRrba,phishtank,2026-07-31,feed_domain,True,200.0,,1,
https://sites.google.com/view/jsj82ks/home,"phishtank,phishtank_kaggle",2024-10-29,feed_domain,True,200.0,,1,
https://qrco.de/bfYwTi,"phishtank,phishtank_kaggle",2024-11-14,feed_domain,True,200.0,,1,
https://phost.com.br.cssi.com.br/CB/DZ/CB/espace-client/user.php,phishtank,2026-08-10,feed_domain,True,200.0,,1,
https://l.ead.me/bgbX9L,"phishtank,phishtank_kaggle",2026-02-07,feed_domain,True,200.0,,1,
https://to.lk/dwoYOD,openphish,2026-09-07,feed_domain,True,200.0,,1,
https://qrco.de/bfDlxl,"phishtank,phishtank_kaggle",2024-07-12,feed_domain,True,200.0,,1,
https://did.li/0C0aa,"phishtank,phishtank_kaggle",2026-01-02,feed_domain,True,200.0,,1,
https://qrco.de/1216d4d20f81292eb4177763cae7bd5c,"phishtank,phishtank_kaggle",2025-02-17,feed_domain,True,200.0,,1,
https://did.li/yGFIw,"phishtank,phishtank_kaggle",2025-01-28,feed_domain,True,200.0,,1,
https://my-xfinitysignin.weebly.com/,phishtank,2026-10-01,feed_domain,True,404.0,,1,
https://qrco.de/beyb32?userID=h7muJeCy,"phishtank,phishtank_kaggle",2024-04-17,feed_domain,True,200.0,,1,
https://qrco.de/bfXk9j,"phishtank,phishtank_kaggle",2024-11-07,feed_domain,True,200.0,,1,
http://zqhi-vyu-excih-7eg-mgsubs.pages.dev/,"openphish,phishtank",2026-07-31,feed_domain,True,403.0,,1,
https://sites.google.com/l0gin-microsoftwebonlne.app/8965767?usp=sharing,"phishtank,phishtank_kaggle",2025-05-07,feed_domain,True,200.0,,1,
https://www.robiox.com.py/users/235306019320/profile,openphish,2026-09-19,feed_domain,True,200.0,,1,
https://elis365.webflow.io/,"openphish,phishtank",2026-09-28,feed_domain,True,404.0,,1,
https://l.ead.me/bfJrZ2,"phishtank,phishtank_kaggle",2024-08-19,feed_domain,True,200.0,,1,
https://sites.google.com/view/mtvrr/inicio,"phishtank,phishtank_kaggle",2023-09-26,feed_domain,True,200.0,,1,
https://sites.google.com/view/evenamea/accueil,"phishtank,phishtank_kaggle",2024-01-08,feed_domain,True,200.0,,1,
https://qrco.de/bfHEvf,"phishtank,phishtank_kaggle",2024-08-04,feed_domain,True,200.0,,1,
https://sites.google.com/view/presenteasunxota,"phishtank,phishtank_kaggle",2023-08-25,feed_domain,True,200.0,,1,
https://talented-points-295814.framer.app/,"openphish,phishtank",2026-09-17,feed_domain,True,404.0,,1,
https://qrco.de/bgbyt0,"phishtank,phishtank_kaggle",2026-02-11,feed_domain,True,200.0,,1,
https://donna.pt/wp-content/eaa/,phishtank,2026-09-11,feed_domain,True,404.0,,1,
https://qrco.de/bgbz13,"phishtank,phishtank_kaggle",2026-02-10,feed_domain,True,200.0,,1,
https://qrco.de/bfYk4g,"phishtank,phishtank_kaggle",2024-11-13,feed_domain,True,200.0,,1,
https://qrco.de/bfSTVK,"phishtank,phishtank_kaggle",2024-10-06,feed_domain,True,200.0,,1,
https://qrco.de/bga9nM,"phishtank,phishtank_kaggle",2026-01-26,feed_domain,True,200.0,,1,
https://ipfs.io/ipfs/bafkreih44aq3shkyypor7dwyphwlkof6kttwbpzthfueo25ibnbl62iwra,phishtank_kaggle,,feed_domain,True,410.0,,1,
https://qrco.de/bgcp9a,"phishtank,phishtank_kaggle",2026-02-17,feed_domain,True,200.0,,1,
http://outlookmailwww.webcindario.com/,openphish,2026-07-22,feed_domain,True,200.0,,1,
https://sites.google.com/view/accederscotiapev/p%C3%A1gina-principal,"phishtank,phishtank_kaggle",2023-07-28,feed_domain,True,200.0,,1,
https://qrco.de/bfIljN,"phishtank,phishtank_kaggle",2024-08-13,feed_domain,True,200.0,,1,
https://sites.google.com/view/upgradekonto-f9f9b6/home,"phishtank,phishtank_kaggle",2025-10-28,feed_domain,True,200.0,,1,
https://gk.bnznji.net/Adobe/Adobe-digital-exe/download.html,phishtank,2026-08-24,feed_domain,True,200.0,,1,
https://sites.google.com/view/ferro-e-ao-granjo-do-brasil?gad_source=1,phishtank,2026-07-22,feed_domain,True,200.0,,1,
https://sites.google.com/view/aru-bait09/,"phishtank,phishtank_kaggle",2023-10-09,feed_domain,True,200.0,,1,
https://l.ead.me/bgbGrB,"phishtank,phishtank_kaggle",2026-02-10,feed_domain,True,200.0,,1,
http://sud-0qek4-n2z-lb3cm-e6e-w6i37q.pages.dev/,"openphish,phishtank",2026-07-31,feed_domain,True,403.0,,1,
http://xfinitylog-in.weebly.com/,openphish,2026-08-13,feed_domain,True,403.0,,1,
https://ipfs.io/ipfs/bafkreifrn2epr26pgeac2mrskziu35ixajxsn33ga27k4og5q7azq5sphe,"phishtank,phishtank_kaggle",2025-12-07,feed_domain,True,200.0,,1,
https://qrco.de/bfDJE3,"phishtank,phishtank_kaggle",2024-07-09,feed_domain,True,200.0,,1,
https://l.ead.me/bfTO14,"phishtank,phishtank_kaggle",2024-10-11,feed_domain,True,200.0,,1,
https://qrco.de/Kuwaitpost8jKl8z,"phishtank,phishtank_kaggle",2024-08-13,feed_domain,True,200.0,,1,
https://sites.google.com/view/astrokifmsso,"phishtank,phishtank_kaggle",2023-11-14,feed_domain,True,200.0,,1,
https://l.ead.me/bgbCh2,"phishtank,phishtank_kaggle",2026-02-05,feed_domain,True,200.0,,1,
http://c9ah9-zih-co3f-cmfeam-cwdtk.pages.dev/,"openphish,phishtank",2026-07-31,feed_domain,True,403.0,,1,
https://qrco.de/bfWHjX,"phishtank,phishtank_kaggle",2024-10-29,feed_domain,True,200.0,,1,
https://qrco.de/bfQqwd,"phishtank,phishtank_kaggle",2024-09-28,feed_domain,True,200.0,,1,
https://l.ead.me/bfJNZc,"phishtank,phishtank_kaggle",2024-08-17,feed_domain,True,200.0,,1,
https://qrco.de/bfKVnd,"phishtank,phishtank_kaggle",2024-08-23,feed_domain,True,200.0,,1,
https://qrco.de/bfIo1F,"phishtank,phishtank_kaggle",2024-08-13,feed_domain,True,200.0,,1,
https://s4w.in/www-roblox-com-users-3724231218556-profile,openphish,2026-09-11,feed_domain,True,200.0,,1,
https://sites.google.com/view/webbdee2upgrding/home,"phishtank,phishtank_kaggle",2023-12-19,feed_domain,True,200.0,,1,
https://l.ead.me/bfNnRe,"phishtank,phishtank_kaggle",2024-09-12,feed_domain,True,200.0,,1,
https://qrco.de/bgcK1n,"phishtank,phishtank_kaggle",2026-02-13,feed_domain,True,200.0,,1,
https://qrco.de/bfc3S5,"phishtank,phishtank_kaggle",2024-12-05,feed_domain,True,200.0,,1,
https://l.ead.me/bfU1KI,"phishtank,phishtank_kaggle",2024-10-18,feed_domain,True,200.0,,1,
http://comcascommunicationcable.weebly.com/,openphish,2026-08-07,feed_domain,True,404.0,,1,
https://xfinityupdate25.weeblysite.com/,phishtank,2026-08-16,feed_domain,True,404.0,,1,
https://l.ead.me/bfzZBp,"phishtank,phishtank_kaggle",2025-05-16,feed_domain,True,200.0,,1,
https://l.ead.me/bgbXF6,"phishtank,phishtank_kaggle",2026-02-07,feed_domain,True,200.0,,1,
https://sites.google.com/view/rslteinbox/home,"phishtank,phishtank_kaggle",2024-09-26,feed_domain,True,200.0,,1,
https://l.ead.me/bgZyWN,"phishtank,phishtank_kaggle",2026-01-26,feed_domain,True,200.0,,1,
http://xxxxxcomcast.weebly.com/,openphish,2026-09-30,feed_domain,True,200.0,,1,
https://qrco.de/bfJW7w,"phishtank,phishtank_kaggle",2024-08-17,feed_domain,True,200.0,,1,
https://usc1.contabostorage.com/bb4db6a8957449249948314d4b63d445:cpp/blobcp.html#a@b.com,"phishtank,phishtank_kaggle",2026-02-14,feed_domain,True,200.0,,1,
https://l.ead.me/bgaCtY,"phishtank,phishtank_kaggle",2026-01-27,feed_domain,True,200.0,,1,
https://qrco.de/bgZxJs,"phishtank,phishtank_kaggle",2026-01-24,feed_domain,True,200.0,,1,
https://qrco.de/betRQ4,"phishtank,phishtank_kaggle",2024-03-18,feed_domain,True,200.0,,1,
https://qrco.de/bgZ5tA,"phishtank,phishtank_kaggle",2026-01-16,feed_domain,True,200.0,,1,
https://dhofareng.com/docusign/Mac/utility.php,"openphish,phishtank",2026-09-17,feed_domain,True,404.0,,1,
https://f005.backblazeb2.com/file/comasctirj/SignintoXfinity.html,openphish,2026-09-25,feed_domain,True,200.0,,1,
http://infoxfinitywebmail.weeblysite.com/,openphish,2026-09-21,feed_domain,True,404.0,,1,
https://l.ead.me/bfX5cq,"phishtank,phishtank_kaggle",2024-11-07,feed_domain,True,200.0,,1,
https://l.ead.me/bfI4AD,"phishtank,phishtank_kaggle",2024-08-09,feed_domain,True,200.0,,1,
https://yuixszc.vercel.app/,phishtank,2026-08-06,feed_domain,True,200.0,,1,
https://www.roblox.com.ml/users/314627864817/profile,openphish,2026-09-06,feed_domain,True,200.0,,1,
https://qrco.de/bfJwB3,"phishtank,phishtank_kaggle",2024-08-21,feed_domain,True,200.0,,1,
https://l.ead.me/bgbnOV,"phishtank,phishtank_kaggle",2026-02-10,feed_domain,True,200.0,,1,
https://qrco.de/bfDxfX,"phishtank,phishtank_kaggle",2024-07-12,feed_domain,True,200.0,,1,
https://xfinity-xfinity.weeblysite.com/,"openphish,phishtank",2026-09-18,feed_domain,True,404.0,,1,
https://l.ead.me/bfKASoSvwserewrhe34,"phishtank,phishtank_kaggle",2024-08-22,feed_domain,True,200.0,,1,
https://linktr.ee/ripaj98033,"phishtank,phishtank_kaggle",2025-10-09,feed_domain,True,200.0,,1,
https://sp12ct-pradel-biz-kesrik-lomsar.pages.dev/,phishtank,2026-08-02,feed_domain,True,403.0,,1,
https://l.ead.me/bfWHjX,"phishtank,phishtank_kaggle",2024-10-29,feed_domain,True,200.0,,1,
https://qrco.de/bfGYP8,"phishtank,phishtank_kaggle",2024-08-02,feed_domain,True,200.0,,1,
https://qrco.de/bgadng,"phishtank,phishtank_kaggle",2026-01-29,feed_domain,True,200.0,,1,
https://porunpaismasfuerte--credi202.replit.app/,"openphish,phishtank",2026-10-01,feed_domain,True,200.0,,1,
https://l.ead.me/bgaIIt,"phishtank,phishtank_kaggle",2026-01-27,feed_domain,True,200.0,,1,
https://l.ead.me/bfXjUe,"phishtank,phishtank_kaggle",2024-11-07,feed_domain,True,200.0,,1,
https://qrco.de/bfXp3P,"phishtank,phishtank_kaggle",2024-11-07,feed_domain,True,200.0,,1,
https://l.ead.me/bgdBoO,"phishtank,phishtank_kaggle",2026-02-22,feed_domain,True,200.0,,1,
https://qrco.de/fhhJ1zzow2pd,"phishtank,phishtank_kaggle",2025-01-26,feed_domain,True,200.0,,1,
https://qrco.de/bgahe6,"phishtank,phishtank_kaggle",2026-01-31,feed_domain,True,200.0,,1,
https://www.roblox.com.ml/users/173714336421/profile,openphish,2026-09-12,feed_domain,True,200.0,,1,
https://l.ead.me/bfWgJU,"phishtank,phishtank_kaggle",2024-11-01,feed_domain,True,200.0,,1,
https://security-server-landing-page--kerriemommah1.replit.app/,phishtank,2026-09-23,feed_domain,True,200.0,,1,
https://tino0908-ecount-dp78obhyuaqp.edgeone.dev/,"openphish,phishtank",2026-09-16,feed_domain,True,200.0,,1,
https://qrco.de/bfNx6c,"phishtank,phishtank_kaggle",2024-09-12,feed_domain,True,200.0,,1,
https://hh1127.craftum.io/,"openphish,phishtank",2026-09-23,feed_domain,True,200.0,,1,
https://s4w.in/roblox-com-users-1156235517-profile,openphish,2026-09-11,feed_domain,True,200.0,,1,
https://qrco.de/bfeteI,"phishtank,phishtank_kaggle",2024-12-29,feed_domain,True,200.0,,1,
https://qrco.de/Multa-DGT,"phishtank,phishtank_kaggle",2025-05-07,feed_domain,True,200.0,,1,
https://goo.su/msjulxsk,openphish,2026-08-07,feed_domain,True,404.0,,1,
https://l.ead.me/bga4Id,"phishtank,phishtank_kaggle",2026-01-31,feed_domain,True,200.0,,1,
https://aaofrx1mfv-76a5a3a10d.vercel.app/ads-reporting-service-1959784882514024.html,openphish,2026-09-06,feed_domain,True,451.0,,1,
https://l.ead.me/bgaF5q,"phishtank,phishtank_kaggle",2026-01-27,feed_domain,True,200.0,,1,
https://qrco.de/bfKLRO,"phishtank,phishtank_kaggle",2024-08-21,feed_domain,True,200.0,,1,
https://l.ead.me/bfPMIy,"phishtank,phishtank_kaggle",2024-09-19,feed_domain,True,200.0,,1,
https://www.r.oblox.com.et/communities/7947109941/Mystery-Pets-Give-Away,openphish,2026-09-24,feed_domain,True,200.0,,1,
https://forms.gle/3uf8Nwn5xWXJhd3P9,"phishtank,phishtank_kaggle",2025-11-06,feed_domain,True,200.0,,1,
https://l.ead.me/bfGG5W,"phishtank,phishtank_kaggle",2024-07-27,feed_domain,True,200.0,,1,
https://qrco.de/bfLo8mSVerher5h354yhehj,"phishtank,phishtank_kaggle",2024-08-30,feed_domain,True,200.0,,1,
https://qrco.de/bfcC8N,"phishtank,phishtank_kaggle",2024-12-05,feed_domain,True,200.0,,1,
http://sp12ct-zelmor-biz-frandek-vorsal.pages.dev/,phishtank,2026-08-07,feed_domain,True,403.0,,1,
https://l.ead.me/bfJcFX,"phishtank,phishtank_kaggle",2024-08-17,feed_domain,True,200.0,,1,
https://qrco.de/bgaEDw,"phishtank,phishtank_kaggle",2026-01-27,feed_domain,True,200.0,,1,
https://rebrand.ly/980unph,phishtank_kaggle,,feed_domain,True,403.0,,1,
https://l.ead.me/bfLYrr,"phishtank,phishtank_kaggle",2024-08-28,feed_domain,True,200.0,,1,
https://qrco.de/bfDaO8,"phishtank,phishtank_kaggle",2024-07-10,feed_domain,True,200.0,,1,
https://qrco.de/bfYk65,"phishtank,phishtank_kaggle",2024-11-14,feed_domain,True,200.0,,1,
https://nowe-19-09-26-pll.rest/o/ix118/7331505120948480#selectedbank9,"openphish,phishtank",2026-09-21,feed_domain,True,200.0,,1,
https://en-io-coin.square.site/,phishtank,2026-09-30,feed_domain,True,404.0,,1,
https://mayo2.infocitypinamar.com/Admin/cssGORR/karten.html,"openphish,phishtank",2026-08-12,feed_domain,True,200.0,,1,
http://cpcontacts.20-244-0-63.cprapid.com/,openphish,2026-08-06,feed_domain,True,403.0,,1,
https://prime-video.app/?token=e36df3f8,phishtank,2026-07-09,feed_domain,True,200.0,,1,
https://qrco.de/bfK4oq,"phishtank,phishtank_kaggle",2024-08-21,feed_domain,True,200.0,,1,
https://qrco.de/bfMR70,"phishtank,phishtank_kaggle",2024-09-04,feed_domain,True,200.0,,1,
https://qrco.de/bfIfeJ,"phishtank,phishtank_kaggle",2024-08-11,feed_domain,True,200.0,,1,
https://qrco.de/bflQPL1?pageuser=qYETD,"phishtank,phishtank_kaggle",2025-03-01,feed_domain,True,200.0,,1,
https://goo.su/vxSMx,openphish,2026-08-13,feed_domain,True,200.0,,1,
https://l.ead.me/bga6r0,"phishtank,phishtank_kaggle",2026-02-05,feed_domain,True,200.0,,1,
https://verifiedbadge-celestine.vercel.app/,"openphish,phishtank",2026-09-27,feed_domain,True,451.0,,1,
http://vronz-vlypx-zclod-7e26cf-urkt-zorgon.pages.dev/,"openphish,phishtank",2026-07-31,feed_domain,True,403.0,,1,
https://www.roblox.com.ml/users/393768348144/profile,openphish,2026-09-25,feed_domain,True,200.0,,1,
https://qrco.de/bgnEMc,phishtank,2026-05-11,feed_domain,True,200.0,,1,
https://forms.gle/sAhJPzWcXMiLHAs1A,"phishtank,phishtank_kaggle",2025-08-25,feed_domain,True,200.0,,1,
https://l.ead.me/bgacev,"phishtank,phishtank_kaggle",2026-01-31,feed_domain,True,200.0,,1,
https://sites.google.com/view/prohuper2023/inicio,"phishtank,phishtank_kaggle",2023-07-27,feed_domain,True,200.0,,1,
https://l.ead.me/bgbeA0,"phishtank,phishtank_kaggle",2026-02-07,feed_domain,True,200.0,,1,
https://l.ead.me/bfSOtx,"phishtank,phishtank_kaggle",2024-10-05,feed_domain,True,200.0,,1,
https://qrco.de/bgfhZB,"phishtank,phishtank_kaggle",2026-03-10,feed_domain,True,200.0,,1,
https://tinyurl.com/y26mkktu?em=Y29udGFjdEBwaWVkYXRlcnJlLndvcmxkCg==,"phishtank,phishtank_kaggle",2024-12-15,feed_domain,True,200.0,,1,
https://qrco.de/bfGxa2,"phishtank,phishtank_kaggle",2024-08-01,feed_domain,True,200.0,,1,
https://ipfs.io/ipfs/bafybeib65hqaeocurjfgaqozudsqxji7qc5cc2c2ivjl7rdkai52sonm4q,openphish,2026-08-08,feed_domain,True,410.0,,1,
https://qrco.de/bfbB9V,"phishtank,phishtank_kaggle",2024-11-29,feed_domain,True,200.0,,1,
https://tinyurl.com/4u87xjmx,"phishtank,phishtank_kaggle",2025-09-10,feed_domain,True,200.0,,1,
https://l.ead.me/bgbF67,"phishtank,phishtank_kaggle",2026-02-05,feed_domain,True,200.0,,1,
https://qrco.de/bfNyUO,"phishtank,phishtank_kaggle",2024-09-11,feed_domain,True,200.0,,1,
https://l.ead.me/0UTL00K,"phishtank,phishtank_kaggle",2026-02-11,feed_domain,True,200.0,,1,
https://l.ead.me/bfc3S5,"phishtank,phishtank_kaggle",2024-12-05,feed_domain,True,200.0,,1,
https://qrco.de/bfNmyN,"phishtank,phishtank_kaggle",2024-09-12,feed_domain,True,200.0,,1,
https://skymalil.weebly.com/,"openphish,phishtank,phishtank_kaggle",2025-03-25,feed_domain,True,404.0,,1,
https://qrco.de/bfQWPg,"phishtank,phishtank_kaggle",2024-09-26,feed_domain,True,200.0,,1,
https://l.ead.me/bfHKOY,"phishtank,phishtank_kaggle",2024-08-04,feed_domain,True,200.0,,1,
http://remove-violations.surge.sh/index.html,openphish,2026-07-23,feed_domain,True,451.0,,1,
https://qrco.de/bgaaEa,"phishtank,phishtank_kaggle",2026-01-29,feed_domain,True,200.0,,1,
https://l.ead.me/bgaL9g,"phishtank,phishtank_kaggle",2026-01-27,feed_domain,True,200.0,,1,
https://urlto.me/25jgq,openphish,2026-09-28,feed_domain,True,200.0,,1,
https://www.r.oblox.com.et/users/1085927564/profile,openphish,2026-09-29,feed_domain,True,200.0,,1,
http://sp12ct-korvek-biz-lamsor-fresnik.pages.dev/,"openphish,phishtank",2026-08-07,feed_domain,True,403.0,,1,
https://l.ead.me/bgZz8z,"phishtank,phishtank_kaggle",2026-01-24,feed_domain,True,200.0,,1,
https://sites.google.com/view/gvcxfdr03/accueil,"phishtank,phishtank_kaggle",2025-12-04,feed_domain,True,200.0,,1,
https://ipfs.io/ipfs/QmdGmRus7DLvehTUKAuZ4NEQ8rUicxe4NZkgKaRWcCwNMy/Ganda.html,phishtank,2026-06-29,feed_domain,True,410.0,,1,
https://l.ead.me/bfTrvL,"phishtank,phishtank_kaggle",2024-10-14,feed_domain,True,200.0,,1,
https://ipfs.io/ipfs/QmWtKR7KvMBhdhEgepiKWka8K4NWVv8dWtzL2Mv6dGb1qX,"phishtank,phishtank_kaggle",2024-02-19,feed_domain,True,200.0,,1,
https://qrco.de/bgZf6W,"phishtank,phishtank_kaggle",2026-01-24,feed_domain,True,200.0,,1,
https://l.ead.me/bgae0S,"phishtank,phishtank_kaggle",2026-01-31,feed_domain,True,200.0,,1,
http://dead-coffee-vczxixdn-dpwj3cuq93cf.edgeone.dev/,openphish,2026-10-01,feed_domain,True,200.0,,1,
https://t5d8e-qjh-ate9-1z9omv-a4px.pages.dev/,phishtank,2026-07-31,feed_domain,True,403.0,,1,
http://sp12ct-kormor-biz-fravsel-hansik.pages.dev/,phishtank,2026-08-07,feed_domain,True,403.0,,1,
https://sites.google.com/view/ru3ral5ito6in7fo8rma9cion121,"phishtank,phishtank_kaggle",2023-11-15,feed_domain,True,200.0,,1,
https://l.ead.me/bfKezt,"phishtank,phishtank_kaggle",2024-08-25,feed_domain,True,200.0,,1,
https://xfiniity-update.square.site/,"openphish,phishtank",2026-08-09,feed_domain,True,404.0,,1,
https://l.ead.me/bfR0p2,"phishtank,phishtank_kaggle",2024-09-30,feed_domain,True,200.0,,1,
https://www.roblox.com.am/users/322712616715/profile,openphish,2026-08-05,feed_domain,True,200.0,,1,
https://forms.gle/hKjffboPmb1CCKCH9,"phishtank,phishtank_kaggle",2025-10-24,feed_domain,True,200.0,,1,
https://qrco.de/bfG1hP,"phishtank,phishtank_kaggle",2024-07-26,feed_domain,True,200.0,,1,
https://l.ead.me/bfEHQb,"phishtank,phishtank_kaggle",2024-07-15,feed_domain,True,200.0,,1,
https://sites.google.com/view/attad8765/home,"phishtank,phishtank_kaggle",2024-12-02,feed_domain,True,200.0,,1,
https://l.ead.me/bfNayI,"phishtank,phishtank_kaggle",2024-09-12,feed_domain,True,200.0,,1,
https://qrco.de/bgfR4H,"phishtank,phishtank_kaggle",2026-03-12,feed_domain,True,200.0,,1,
http://vvrl.cc/ad09aa,openphish,2026-08-11,feed_domain,True,200.0,,1,
https://qrco.de/bfHu63,"phishtank,phishtank_kaggle",2024-08-07,feed_domain,True,200.0,,1,
https://qrco.de/bfMGTz,"phishtank,phishtank_kaggle",2024-09-05,feed_domain,True,200.0,,1,
https://sites.google.com/wallcryptous.com/coinbesecumsignin/home,"phishtank,phishtank_kaggle",2026-01-02,feed_domain,True,200.0,,1,
http://sp12ct-zersok-biz-polvik-famdor.pages.dev/,"openphish,phishtank",2026-08-02,feed_domain,True,403.0,,1,
https://qrco.de/bgc62N,"phishtank,phishtank_kaggle",2026-02-11,feed_domain,True,200.0,,1,
https://server-security-landing-page--docu-sign.replit.app/...,openphish,2026-09-21,feed_domain,True,404.0,,1,
https://sites.google.com/view/aktualisieren-sie-ihr-gm3/home,"phishtank,phishtank_kaggle",2025-11-03,feed_domain,True,200.0,,1,
https://l.ead.me/bga51l,"phishtank,phishtank_kaggle",2026-01-24,feed_domain,True,200.0,,1,
https://qrco.de/bgfGdA,"phishtank,phishtank_kaggle",2026-03-08,feed_domain,True,200.0,,1,
https://l.ead.me/bfEayX,"phishtank,phishtank_kaggle",2024-07-17,feed_domain,True,200.0,,1,
https://l.ead.me/bfIFnL,"phishtank,phishtank_kaggle",2024-08-09,feed_domain,True,200.0,,1,
https://l.ead.me/bfKMWT,"phishtank,phishtank_kaggle",2024-08-21,feed_domain,True,200.0,,1,
https://l.ead.me/bgbcnJ,"phishtank,phishtank_kaggle",2026-02-07,feed_domain,True,200.0,,1,
https://sp12ct-varmik-biz-zadsel-prensor.pages.dev/,phishtank,2026-08-07,feed_domain,True,403.0,,1,
https://qrco.de/bgcRAK,"phishtank,phishtank_kaggle",2026-02-16,feed_domain,True,200.0,,1,
https://qrco.de/bgcToO,"phishtank,phishtank_kaggle",2026-02-13,feed_domain,True,200.0,,1,
https://qrco.de/bgahjU,"phishtank,phishtank_kaggle",2026-01-31,feed_domain,True,200.0,,1,
https://l.ead.me/bg7v2W,"phishtank,phishtank_kaggle",2025-07-05,feed_domain,True,200.0,,1,
https://sp12ct-kavsor-biz-londik-pramel.pages.dev/,phishtank,2026-08-07,feed_domain,True,403.0,,1,
https://l.ead.me/bfKLUK,"phishtank,phishtank_kaggle",2024-08-21,feed_domain,True,200.0,,1,
https://qrco.de/bfXJgU,"phishtank,phishtank_kaggle",2024-11-06,feed_domain,True,200.0,,1,
https://l.ead.me/bgamZA,"phishtank,phishtank_kaggle",2026-01-31,feed_domain,True,200.0,,1,
https://tr.ee/3EgI8dq8AR,"phishtank,phishtank_kaggle",2023-08-25,feed_domain,True,200.0,,1,
https://qrco.de/bfJAk9,"phishtank,phishtank_kaggle",2024-08-14,feed_domain,True,200.0,,1,
https://tinyurl.com/8exfx9zr,phishtank,2026-06-04,feed_domain,True,200.0,,1,
https://i.gal/8OhE3,openphish,2026-09-17,feed_domain,True,200.0,,1,
https://l.ead.me/bgasig,"phishtank,phishtank_kaggle",2026-01-31,feed_domain,True,200.0,,1,
https://sites.google.com/view/attas/home,"phishtank,phishtank_kaggle",2024-10-24,feed_domain,True,200.0,,1,
https://l.ead.me/bfJaqL,"phishtank,phishtank_kaggle",2024-08-17,feed_domain,True,200.0,,1,
https://u.to/O0vcIA,"phishtank,phishtank_kaggle",2024-09-09,feed_domain,True,403.0,,1,
https://sites.google.com/view/gmx-mail-aktualisieren42/home,"phishtank,phishtank_kaggle",2024-03-04,feed_domain,True,200.0,,1,
https://www.roblox.com.mu/communities/5543849958/Mystic-Studio,openphish,2026-07-22,feed_domain,True,200.0,,1,
https://wwwmaxpointsprogram.us.cc/4g/,phishtank,2026-07-06,feed_domain,True,404.0,,1,
https://qrco.de/bfJTvZ,"phishtank,phishtank_kaggle",2024-08-17,feed_domain,True,200.0,,1,
https://l.ead.me/bfHoyg,"phishtank,phishtank_kaggle",2024-08-07,feed_domain,True,200.0,,1,
https://xfinityhomeservice.weebly.com/,"openphish,phishtank",2026-08-09,feed_domain,True,404.0,,1,
https://sites.google.com/view/webkunde/home,"phishtank,phishtank_kaggle",2025-12-16,feed_domain,True,200.0,,1,
https://sites.google.com/view/zjkzeui5j/home,"phishtank,phishtank_kaggle",2024-10-21,feed_domain,True,200.0,,1,
http://sp11ct-vadnor-biz8-prenik-folzar.pages.dev/,"openphish,phishtank",2026-08-02,feed_domain,True,403.0,,1,
https://xxxxxcomcast.weebly.com/,phishtank,2026-09-08,feed_domain,True,200.0,,1,
https://l.ead.me/bgaben,"phishtank,phishtank_kaggle",2026-01-29,feed_domain,True,200.0,,1,
https://www.roblox.com.mu/communities/8224279362/AuroraHub#!/about,openphish,2026-09-27,feed_domain,True,200.0,,1,
https://qrco.de/bfMRAv,"phishtank,phishtank_kaggle",2024-09-04,feed_domain,True,200.0,,1,
https://xwldg521low-mhbkthb-7a4c2f-xwq42c.pages.dev/,"openphish,phishtank",2026-08-07,feed_domain,True,403.0,,1,
https://superlative-churros-af7f7c.netlify.app/,"openphish,phishtank",2026-09-22,feed_domain,True,404.0,,1,
https://l.ead.me/bfJFVv,"phishtank,phishtank_kaggle",2024-08-16,feed_domain,True,200.0,,1,
https://tinyurl.com/24okoc9a,"phishtank,phishtank_kaggle",2025-08-07,feed_domain,True,200.0,,1,
https://qrco.de/bgbBrs,"phishtank,phishtank_kaggle",2026-02-11,feed_domain,True,200.0,,1,
http://sp11ct-zelvor-biz8-harnik-folsen.pages.dev/,"openphish,phishtank",2026-08-02,feed_domain,True,403.0,,1,
https://qrco.de/bfGmzH,"phishtank,phishtank_kaggle",2024-08-01,feed_domain,True,200.0,,1,
https://sp11ct-polrek-biz8-farnix-lomvek.pages.dev/,phishtank,2026-08-02,feed_domain,True,403.0,,1,
https://qrco.de/bgarp5,"phishtank,phishtank_kaggle",2026-01-31,feed_domain,True,200.0,,1,
https://qrco.de/bgekfD,"phishtank,phishtank_kaggle",2026-03-04,feed_domain,True,200.0,,1,
https://tinyurl.com/0x9hi2,phishtank,2026-05-06,feed_domain,True,200.0,,1,
https://qrco.de/bgaW9J,"phishtank,phishtank_kaggle",2026-01-29,feed_domain,True,200.0,,1,
https://www.roblox.com.mu/users/8534437985/profile,openphish,2026-09-26,feed_domain,True,200.0,,1,
https://qrco.de/bgaDF3,"phishtank,phishtank_kaggle",2026-01-26,feed_domain,True,200.0,,1,
https://sites.google.com/view/gmxegedege/home,"phishtank,phishtank_kaggle",2025-11-06,feed_domain,True,200.0,,1,
https://ipfs.io/ipfs/QmemvcT4aVx1N3wf26vRevvFtAy2xs3EtZEWURPhL6rVfH,"phishtank,phishtank_kaggle",2024-02-19,feed_domain,True,200.0,,1,
https://qrco.de/bfIglb,"phishtank,phishtank_kaggle",2024-08-17,feed_domain,True,200.0,,1,
https://l.ead.me/bgd3AW,"phishtank,phishtank_kaggle",2026-03-02,feed_domain,True,200.0,,1,
https://l.ead.me/bfa9v4,"phishtank,phishtank_kaggle",2024-11-21,feed_domain,True,200.0,,1,
https://qrco.de/bgbLvx,"phishtank,phishtank_kaggle",2026-02-05,feed_domain,True,200.0,,1,
http://www.roblox.com.ml/users/468343957093/profile/,openphish,2026-08-10,feed_domain,True,200.0,,1,
https://l.ead.me/bfNnSy,"phishtank,phishtank_kaggle",2024-09-12,feed_domain,True,200.0,,1,
https://sites.google.com/view/messagerie-important-prive/accueil?authuser=7,"phishtank,phishtank_kaggle",2024-01-15,feed_domain,True,200.0,,1,
https://s4w.in/roblox-com-users-346856374377-profile,openphish,2026-09-28,feed_domain,True,200.0,,1,
https://exodus-help-wlt-chiky.wasmer.app/,phishtank,2026-07-28,feed_domain,True,200.0,,1,
https://l.ead.me/bgaD40,"phishtank,phishtank_kaggle",2026-01-26,feed_domain,True,200.0,,1,
http://black-card-472507.framer.app/,openphish,2026-08-11,feed_domain,True,404.0,,1,
https://l.ead.me/bfIoHN,"phishtank,phishtank_kaggle",2024-08-13,feed_domain,True,200.0,,1,
https://l.ead.me/bgae26,"phishtank,phishtank_kaggle",2026-02-05,feed_domain,True,200.0,,1,
https://qrco.de/bgaO0U,"phishtank,phishtank_kaggle",2026-01-27,feed_domain,True,200.0,,1,
https://qrco.de/bfWT2l,"phishtank,phishtank_kaggle",2024-10-30,feed_domain,True,200.0,,1,
https://tinyurl.com/w9rmwzdj,"phishtank,phishtank_kaggle",2026-02-23,feed_domain,True,200.0,,1,
https://qrco.de/bgcFFJ,"phishtank,phishtank_kaggle",2026-02-13,feed_domain,True,200.0,,1,
https://qrco.de/bgbNAZ,"phishtank,phishtank_kaggle",2026-02-05,feed_domain,True,200.0,,1,
https://www.roblox.com.ml/users/303186023437/profile,openphish,2026-07-31,feed_domain,True,200.0,,1,
https://l.ead.me/bfKiPR,"phishtank,phishtank_kaggle",2024-08-24,feed_domain,True,200.0,,1,
https://l.ead.me/bfXZE8,"phishtank,phishtank_kaggle",2024-11-06,feed_domain,True,200.0,,1,
https://qrco.de/bfEe89,"phishtank,phishtank_kaggle",2024-07-17,feed_domain,True,200.0,,1,
http://vxk5q-wh27-edjt-tz4xy3-1svhl4.pages.dev/,"openphish,phishtank",2026-07-31,feed_domain,True,403.0,,1,
https://tinyurl.com/33cn35xh,"phishtank,phishtank_kaggle",2025-12-03,feed_domain,True,200.0,,1,
https://l.ead.me/bfJY1e,"phishtank,phishtank_kaggle",2024-08-17,feed_domain,True,200.0,,1,
https://www.robiox.com.py/users/146473167182/profile,openphish,2026-09-17,feed_domain,True,200.0,,1,
https://l.ead.me/bfMSbC,"phishtank,phishtank_kaggle",2024-09-04,feed_domain,True,200.0,,1,
https://qrco.de/bfWLFL,"phishtank,phishtank_kaggle",2024-10-29,feed_domain,True,200.0,,1,
https://l.ead.me/bfLXYH,"phishtank,phishtank_kaggle",2024-08-28,feed_domain,True,200.0,,1,
https://l.ead.me/bfXlvQ,"phishtank,phishtank_kaggle",2024-11-07,feed_domain,True,200.0,,1,
https://www.roblox.com.am/users/378449445836/profile,openphish,2026-09-23,feed_domain,True,200.0,,1,
https://linktr.ee/FrankBlox,"phishtank,phishtank_kaggle",2024-08-16,feed_domain,True,200.0,,1,
https://qrco.de/bfzZBp,"phishtank,phishtank_kaggle",2025-05-16,feed_domain,True,200.0,,1,
https://qrco.de/bgaUKD,"phishtank,phishtank_kaggle",2026-01-29,feed_domain,True,200.0,,1,
https://qrco.de/bgbymK,"phishtank,phishtank_kaggle",2026-02-11,feed_domain,True,200.0,,1,
https://l.ead.me/bgbj0r,"phishtank,phishtank_kaggle",2026-02-08,feed_domain,True,200.0,,1,
https://sp11ct-janvik-biz8-torsel-venkar.pages.dev/,phishtank,2026-08-02,feed_domain,True,403.0,,1,
https://qrco.de/bgbfnI,"phishtank,phishtank_kaggle",2026-02-08,feed_domain,True,200.0,,1,
https://sites.google.com/view/khiassdoss/,"phishtank,phishtank_kaggle",2024-02-16,feed_domain,True,200.0,,1,
https://qrco.de/bfDSBi,"phishtank,phishtank_kaggle",2024-07-10,feed_domain,True,200.0,,1,
https://l.ead.me/bfamXr,"phishtank,phishtank_kaggle",2024-11-27,feed_domain,True,200.0,,1,
https://qrco.de/bfYxSa,"phishtank,phishtank_kaggle",2024-11-14,feed_domain,True,200.0,,1,
https://sites.google.com/view/qatqh/home,"phishtank,phishtank_kaggle",2024-09-28,feed_domain,True,200.0,,1,
https://qrco.de/bgZrTk,"phishtank,phishtank_kaggle",2026-01-24,feed_domain,True,200.0,,1,
https://sp11ct-marsik-biz8-holvek-zenlor.pages.dev/,phishtank,2026-08-02,feed_domain,True,200.0,,1,
https://l.ead.me/bgc3zE,"phishtank,phishtank_kaggle",2026-02-11,feed_domain,True,200.0,,1,
https://l.ead.me/bfFinz,"phishtank,phishtank_kaggle",2024-07-25,feed_domain,True,200.0,,1,
https://sites.google.com/view/systemeo/home,"phishtank,phishtank_kaggle",2025-06-23,feed_domain,True,200.0,,1,
https://qrco.de/bfK8OP,"phishtank,phishtank_kaggle",2024-08-21,feed_domain,True,200.0,,1,
https://qrco.de/bfX0pe,"phishtank,phishtank_kaggle",2024-11-02,feed_domain,True,200.0,,1,
https://sp12ct-prandik-biz-zorsel-kemdor.pages.dev/,"openphish,phishtank",2026-08-07,feed_domain,True,200.0,,1,
https://l.ead.me/bgbkdr,"phishtank,phishtank_kaggle",2026-02-08,feed_domain,True,200.0,,1,
https://l.ead.me/bgaGVZ,"phishtank,phishtank_kaggle",2026-01-31,feed_domain,True,200.0,,1,
https://l.ead.me/bgbXWU,"phishtank,phishtank_kaggle",2026-02-11,feed_domain,True,200.0,,1,
https://bitly.cx/US3Qz,openphish,2026-09-23,feed_domain,True,404.0,,1,
https://qrco.de/bfJas6,"phishtank,phishtank_kaggle",2024-08-17,feed_domain,True,200.0,,1,
https://l.ead.me/bgbkQV,"phishtank,phishtank_kaggle",2026-02-08,feed_domain,True,200.0,,1,
https://qrco.de/bfKPsi,"phishtank,phishtank_kaggle",2024-08-23,feed_domain,True,200.0,,1,
https://ar24-sigma.vercel.app/,phishtank,2026-08-07,feed_domain,True,200.0,,1,
https://ipfs.io/ipfs/bafybeigvgyn2ag7thet5j2yng7bboxpg6vifq7far75zjgrlqj4k3wqety/cpsscpanelhosting.html,"phishtank,phishtank_kaggle",2024-05-22,feed_domain,True,200.0,,1,
http://sites.google.com/view/serveur-communication-box/accueil/,openphish,2026-08-13,feed_domain,True,403.0,,1,
https://l.ead.me/bfEVzbSCedgwSCFEFcv,"phishtank,phishtank_kaggle",2024-07-16,feed_domain,True,200.0,,1,
https://qrco.de/bgae26,"phishtank,phishtank_kaggle",2026-02-05,feed_domain,True,200.0,,1,
https://qrco.de/bfNkON,"phishtank,phishtank_kaggle",2024-09-10,feed_domain,True,200.0,,1,
https://l.ead.me/bfNHVh,"phishtank,phishtank_kaggle",2024-09-07,feed_domain,True,200.0,,1,
https://qrco.de/bfJS16,"phishtank,phishtank_kaggle",2024-08-17,feed_domain,True,200.0,,1,
https://qrco.de/bfQQ3l?hT=taVHkAO3n,"phishtank,phishtank_kaggle",2024-09-25,feed_domain,True,200.0,,1,
https://l.ead.me/bgZygP,"phishtank,phishtank_kaggle",2026-01-26,feed_domain,True,200.0,,1,
http://lxm0js-yvp-63kbp-v8ifyt-nv5b.pages.dev/,"openphish,phishtank",2026-07-31,feed_domain,True,403.0,,1,
https://l.ead.me/bgbLYC,"phishtank,phishtank_kaggle",2026-02-05,feed_domain,True,200.0,,1,
https://qrco.de/bgeOy2,"phishtank,phishtank_kaggle",2026-03-02,feed_domain,True,200.0,,1,
https://qrco.de/bgbH7i,"phishtank,phishtank_kaggle",2026-02-05,feed_domain,True,200.0,,1,
http://misty-bronze-40q0z2bk.edgeone.dev/,"openphish,phishtank",2026-08-06,feed_domain,True,403.0,,1,
https://www.certsolution.org/uploads/ito/itoo/it/conto/index.php,"openphish,phishtank",2026-08-02,feed_domain,True,404.0,,1,
https://l.ead.me/bfRIV7,"phishtank,phishtank_kaggle",2024-09-30,feed_domain,True,200.0,,1,
https://vaac.club/Verista/download.html,"openphish,phishtank",2026-07-31,feed_domain,True,503.0,,1,
http://www.roblox.com.mu/communities/9333749785/GZ4/,openphish,2026-09-07,feed_domain,True,200.0,,1,
http://site-lg94gcvdd.godaddysites.com/,openphish,2026-08-18,feed_domain,True,404.0,,1,
https://qrco.de/bfMtrV,"phishtank,phishtank_kaggle",2024-09-05,feed_domain,True,200.0,,1,
https://sp11ct-farnel-biz8-poltra-veskor.pages.dev/,phishtank,2026-08-02,feed_domain,True,200.0,,1,
https://l.ead.me/bfMSbu,"phishtank,phishtank_kaggle",2024-09-04,feed_domain,True,200.0,,1,
https://l.ead.me/bgaxWD,"phishtank,phishtank_kaggle",2026-02-07,feed_domain,True,200.0,,1,
https://qrco.de/bgbfsM,"phishtank,phishtank_kaggle",2026-02-13,feed_domain,True,200.0,,1,
https://l.ead.me/bgaHpq,"phishtank,phishtank_kaggle",2026-01-27,feed_domain,True,200.0,,1,
https://linktr.ee/necticsaol,"phishtank,phishtank_kaggle",2024-08-13,feed_domain,True,404.0,,1,
https://l.ead.me/hotmail,"phishtank,phishtank_kaggle",2026-02-07,feed_domain,True,200.0,,1,
https://qrco.de/bgbmdE,"phishtank,phishtank_kaggle",2026-02-14,feed_domain,True,200.0,,1,
https://qrco.de/bfHJv5,"phishtank,phishtank_kaggle",2024-08-04,feed_domain,True,200.0,,1,
https://l.ead.me/bgZgKu,"phishtank,phishtank_kaggle",2026-01-24,feed_domain,True,200.0,,1,
https://l.ead.me/bfalF7,"phishtank,phishtank_kaggle",2024-11-26,feed_domain,True,200.0,,1,
https://qrco.de/bgZoi4,"phishtank,phishtank_kaggle",2026-01-24,feed_domain,True,200.0,,1,
http://www.wrproducoes.com.br/adobe_Installer.html,openphish,2026-08-13,feed_domain,True,403.0,,1,
https://sesimates42404.vercel.app/,"openphish,phishtank",2026-09-30,feed_domain,True,451.0,,1,
https://qrco.de/bfTfMJ,"phishtank,phishtank_kaggle",2024-10-12,feed_domain,True,200.0,,1,
http://sites.google.com/view/btconnectbusiness/btconnect/,openphish,2026-08-18,feed_domain,True,200.0,,1,
https://sites.google.com/view/orange-secu/accueil?clckid=7d0814bc,openphish,2026-09-07,feed_domain,True,200.0,,1,
https://surl.li/rsloxw,phishtank,2026-05-29,feed_domain,True,200.0,,1,
https://cpcontacts.20-244-0-63.cprapid.com/signin,phishtank,2026-08-06,feed_domain,True,200.0,,1,
https://qrco.de/bgcSqw,"phishtank,phishtank_kaggle",2026-02-16,feed_domain,True,200.0,,1,
https://qrco.de/bfJYG7,"phishtank,phishtank_kaggle",2024-08-17,feed_domain,True,200.0,,1,
https://l.ead.me/bfKbn3,"phishtank,phishtank_kaggle",2024-08-23,feed_domain,True,200.0,,1,
https://l.ead.me/bfIo1F,"phishtank,phishtank_kaggle",2024-08-13,feed_domain,True,200.0,,1,
https://ginaruiz.com/cgi_bin/s/,"openphish,phishtank",2026-08-07,feed_domain,True,200.0,,1,
https://qrco.de/bgcFoD,"phishtank,phishtank_kaggle",2026-02-13,feed_domain,True,200.0,,1,
https://l.ead.me/bgaKuB,"phishtank,phishtank_kaggle",2026-01-29,feed_domain,True,200.0,,1,
https://l.ead.me/bfRBPR,"phishtank,phishtank_kaggle",2024-09-28,feed_domain,True,200.0,,1,
http://oauth-xfinitty.weebly.com/,openphish,2026-08-18,feed_domain,True,404.0,,1,
https://credi-pichincha-ecuador--solusion.replit.app/,"openphish,phishtank",2026-09-17,feed_domain,True,404.0,,1,
https://qrco.de/bgaDeo,"phishtank,phishtank_kaggle",2026-01-27,feed_domain,True,200.0,,1,
https://qrco.de/bgZzMn,"phishtank,phishtank_kaggle",2026-01-24,feed_domain,True,200.0,,1,
https://infinitycomcast.weebly.com/,phishtank,2026-09-24,feed_domain,True,200.0,,1,
https://ipfs.io/ipfs/QmU6qJYntEekq99yjHcbhH3J6j4Urm3oNZymeypFBuT2kd,"phishtank,phishtank_kaggle",2024-02-19,feed_domain,True,200.0,,1,
https://xxctelstra.weebly.com/,phishtank,2026-08-05,feed_domain,True,404.0,,1,
https://qrco.de/bfIlHa,"phishtank,phishtank_kaggle",2024-08-13,feed_domain,True,200.0,,1,
https://tinyurl.com/3k9bjhaj,openphish,2026-09-17,feed_domain,True,200.0,,1,
https://s4w.in/www-roblox-com-users-3621710584-profile,openphish,2026-08-01,feed_domain,True,200.0,,1,
https://l.ead.me/bga3Hp,"phishtank,phishtank_kaggle",2026-01-24,feed_domain,True,200.0,,1,
https://norzeta-gld-zartavi-r9t2pc76.pages.dev/,phishtank,2026-08-02,feed_domain,True,200.0,,1,
https://qrco.de/bgZcx1,"phishtank,phishtank_kaggle",2026-01-21,feed_domain,True,200.0,,1,
https://l.ead.me/bfN6tC,"phishtank,phishtank_kaggle",2024-09-07,feed_domain,True,200.0,,1,
http://vo.la/TukgeLp,openphish,2026-07-28,feed_domain,True,200.0,,1,
https://sites.google.com/view/gtcredireccion/in%C3%ADcio,"phishtank,phishtank_kaggle",2023-08-16,feed_domain,True,200.0,,1,
https://sites.google.com/view/messagerie-prive001/accueil?authuser=7,"phishtank,phishtank_kaggle",2024-01-10,feed_domain,True,200.0,,1,
https://www.roblox.com.am/users/402261613481/profile,openphish,2026-08-18,feed_domain,True,200.0,,1,
https://qrco.de/bgbeA0,"phishtank,phishtank_kaggle",2026-02-07,feed_domain,True,200.0,,1,
https://qrco.de/bfXZNB,"phishtank,phishtank_kaggle",2024-11-06,feed_domain,True,200.0,,1,
https://l.ead.me/bfMGcC,"phishtank,phishtank_kaggle",2024-09-03,feed_domain,True,200.0,,1,
https://tr.ee/Caspian_Wilder_Details,phishtank,2026-07-06,feed_domain,True,200.0,,1,
http://roblox.com.mu/communities/599123744/MysteryClothing,openphish,2026-08-19,feed_domain,True,200.0,,1,
https://sp12ct-karmor-biz-frensel-holdik.pages.dev/,"openphish,phishtank",2026-08-07,feed_domain,True,403.0,,1,
https://qrco.de/bfHqyt,"phishtank,phishtank_kaggle",2024-08-06,feed_domain,True,200.0,,1,
https://l.ead.me/bfJWoh,"phishtank,phishtank_kaggle",2024-08-17,feed_domain,True,200.0,,1,
https://sites.google.com/view/dromaxficwe,"phishtank,phishtank_kaggle",2024-06-14,feed_domain,True,200.0,,1,
https://l.ead.me/bfJDRY,"phishtank,phishtank_kaggle",2024-08-16,feed_domain,True,200.0,,1,
https://l.ead.me/bgaKLS,"phishtank,phishtank_kaggle",2026-01-27,feed_domain,True,200.0,,1,
http://sp12ct-kersan-biz-holdek-favrik.pages.dev/,"openphish,phishtank",2026-08-02,feed_domain,True,403.0,,1,
https://qrco.de/bfEl0W,"phishtank,phishtank_kaggle",2024-07-17,feed_domain,True,200.0,,1,
https://qrco.de/bfUY3S,"phishtank,phishtank_kaggle",2024-10-18,feed_domain,True,200.0,,1,
https://sites.google.com/view/ionos-services/home,"phishtank,phishtank_kaggle",2024-06-17,feed_domain,True,200.0,,1,
https://l.ead.me/bfYutk,"phishtank,phishtank_kaggle",2024-11-13,feed_domain,True,200.0,,1,
https://qrco.de/bfKYMj,"phishtank,phishtank_kaggle",2024-08-23,feed_domain,True,200.0,,1,
https://l.ead.me/bfHZUC,"phishtank,phishtank_kaggle",2024-08-06,feed_domain,True,200.0,,1,
https://tinyurl.com/88y3zpme,"phishtank,phishtank_kaggle",2025-09-10,feed_domain,True,200.0,,1,
https://qrco.de/bfNzIq,"phishtank,phishtank_kaggle",2024-09-12,feed_domain,True,200.0,,1,
https://l.ead.me/bfJXla,"phishtank,phishtank_kaggle",2024-08-16,feed_domain,True,200.0,,1,
https://qrco.de/bgbpWB,"phishtank,phishtank_kaggle",2026-02-10,feed_domain,True,200.0,,1,
https://qrco.de/bgbgw6,"phishtank,phishtank_kaggle",2026-02-10,feed_domain,True,200.0,,1,
https://roblox.com.bz/games/142823291/Murder-Mystery-2?privateServerLinkCode=55358844971140963110499054831094,openphish,2026-09-19,feed_domain,True,401.0,,1,
https://qrco.de/bgbjlJ,"phishtank,phishtank_kaggle",2026-02-08,feed_domain,True,200.0,,1,
https://l.ead.me/bfMhPp,"phishtank,phishtank_kaggle",2024-09-04,feed_domain,True,200.0,,1,
https://l.ead.me/bfJyZm,"phishtank,phishtank_kaggle",2024-08-21,feed_domain,True,200.0,,1,
https://www.roblox.com.mu/communities/8538608570/Model#!/about,openphish,2026-10-02,feed_domain,True,200.0,,1,
https://l.ead.me/bfLmnH,"phishtank,phishtank_kaggle",2024-08-30,feed_domain,True,200.0,,1,
https://forms.gle/SGwTf7t6av9ZRANa6,"phishtank,phishtank_kaggle",2025-12-09,feed_domain,True,200.0,,1,
https://tr.ee/k4_8Jjw3O1,phishtank,2026-06-29,feed_domain,True,200.0,,1,
https://qrco.de/bgaJWC,"phishtank,phishtank_kaggle",2026-01-29,feed_domain,True,200.0,,1,
https://l.ead.me/bfR4cR,"phishtank,phishtank_kaggle",2024-09-28,feed_domain,True,200.0,,1,
https://qrco.de/bgcI6e,"phishtank,phishtank_kaggle",2026-02-13,feed_domain,True,200.0,,1,
https://qrco.de/bfPUFw,"phishtank,phishtank_kaggle",2024-09-19,feed_domain,True,200.0,,1,
https://l.ead.me/bfL1eC,"phishtank,phishtank_kaggle",2024-08-27,feed_domain,True,200.0,,1,
https://l.ead.me/bgcCbG,"phishtank,phishtank_kaggle",2026-02-14,feed_domain,True,200.0,,1,
https://nk2184.craftum.io/,phishtank,2026-09-22,feed_domain,True,200.0,,1,
https://l.ead.me/bgbyMh,"phishtank,phishtank_kaggle",2026-02-10,feed_domain,True,200.0,,1,
https://l.ead.me/bfISjY,"phishtank,phishtank_kaggle",2024-08-11,feed_domain,True,200.0,,1,
https://l.ead.me/bfJLu6,"phishtank,phishtank_kaggle",2024-08-16,feed_domain,True,200.0,,1,
https://l.ead.me/bgbHFk,"phishtank,phishtank_kaggle",2026-02-05,feed_domain,True,200.0,,1,
https://qrco.de/bgafuL,"phishtank,phishtank_kaggle",2026-01-31,feed_domain,True,200.0,,1,
https://sp12ct-kavmik-biz-zondor-lersak.pages.dev/,phishtank,2026-08-07,feed_domain,True,403.0,,1,
https://qrco.de/bfLHUY,"phishtank,phishtank_kaggle",2024-08-28,feed_domain,True,200.0,,1,
https://glorious-shape-173131.framer.app/,phishtank,2026-07-30,feed_domain,True,404.0,,1,
https://l.ead.me/bgbv3s,"phishtank,phishtank_kaggle",2026-02-10,feed_domain,True,200.0,,1,
http://kconnlogoc.webflow.io/,"openphish,phishtank",2026-07-30,feed_domain,True,200.0,,1,
https://neon59903-alt.github.io/Instagram-login-page-/,"openphish,phishtank",2026-07-31,feed_domain,True,200.0,,1,
https://rebrand.ly/8ym0gpf,phishtank,2026-04-26,feed_domain,True,403.0,,1,
https://qrco.de/bfXYm9,"phishtank,phishtank_kaggle",2024-11-06,feed_domain,True,200.0,,1,
https://ipfs.io/ipfs/bafybeih2afntuva37x2yhpfqm2v7fwz7mpjsobvcbsfouda2uow2hgdv3m,"phishtank,phishtank_kaggle",2024-02-19,feed_domain,True,200.0,,1,
https://l.ead.me/bfSLKE,"phishtank,phishtank_kaggle",2024-10-05,feed_domain,True,200.0,,1,
https://sp12ct-velsar-biz-kramik-prondel.pages.dev/,phishtank,2026-08-02,feed_domain,True,403.0,,1,
https://qrco.de/bgcQM6,"phishtank,phishtank_kaggle",2026-02-13,feed_domain,True,200.0,,1,
https://pichincha--credit004.replit.app/,"openphish,phishtank",2026-08-09,feed_domain,True,404.0,,1,
https://qrco.de/bfLMfW,"phishtank,phishtank_kaggle",2024-08-28,feed_domain,True,200.0,,1,
https://qrco.de/bfah0O,"phishtank,phishtank_kaggle",2024-11-27,feed_domain,True,200.0,,1,
https://qrco.de/bfNyZr,"phishtank,phishtank_kaggle",2024-09-12,feed_domain,True,200.0,,1,
https://l.ead.me/bgajbG,"phishtank,phishtank_kaggle",2026-01-31,feed_domain,True,200.0,,1,
https://qrco.de/bfJMe5,"phishtank,phishtank_kaggle",2024-08-16,feed_domain,True,200.0,,1,
https://l.ead.me/bfJv6e,"phishtank,phishtank_kaggle",2024-08-21,feed_domain,True,200.0,,1,
https://qrco.de/bflQPL1?pageuser=TmbyJ,"phishtank,phishtank_kaggle",2025-03-06,feed_domain,True,200.0,,1,
https://qrco.de/bgZygP,"phishtank,phishtank_kaggle",2026-01-26,feed_domain,True,200.0,,1,
https://security-server-docs--govmentdded.replit.app/,phishtank,2026-07-29,feed_domain,True,404.0,,1,
https://l.ead.me/bgbdk4,"phishtank,phishtank_kaggle",2026-02-11,feed_domain,True,200.0,,1,
https://qrco.de/bfN9zE,"phishtank,phishtank_kaggle",2024-09-07,feed_domain,True,200.0,,1,
https://ppt.cc/firTBx,"phishtank,phishtank_kaggle",2024-08-27,feed_domain,True,200.0,,1,
https://sites.google.com/view/mwnsudif37485/home,"phishtank,phishtank_kaggle",2025-08-23,feed_domain,True,200.0,,1,
https://l.ead.me/bfYg0D,"phishtank,phishtank_kaggle",2024-11-19,feed_domain,True,200.0,,1,
https://www.roblox.com.mu/users/2382934507/profile?referer=urlvanish.com/88cd1b97,openphish,2026-09-24,feed_domain,True,200.0,,1,
https://l.ead.me/bfJYSC,"phishtank,phishtank_kaggle",2024-08-17,feed_domain,True,200.0,,1,
https://lnk.ink/MAxoK,openphish,2026-09-06,feed_domain,True,200.0,,1,
https://qrco.de/bfQu8T,"phishtank,phishtank_kaggle",2024-09-27,feed_domain,True,200.0,,1,
http://sites.google.com/site/kayakingnapIP:,"phishtank,phishtank_kaggle",2025-09-12,feed_domain,True,403.0,,1,
https://www.robiox.com.ps/users/6640398912/profile,phishtank,2026-06-29,feed_domain,True,200.0,,1,
https://sites.google.com/view/gmxkontoaddrese/home,"phishtank,phishtank_kaggle",2025-12-18,feed_domain,True,200.0,,1,
https://l.ead.me/bfMChh,"phishtank,phishtank_kaggle",2024-09-03,feed_domain,True,200.0,,1,
https://qrco.de/bgbntM,"phishtank,phishtank_kaggle",2026-02-11,feed_domain,True,200.0,,1,
http://syzmm-y1z-9os6ik-d81n-9hu0w.pages.dev/,"openphish,phishtank",2026-07-31,feed_domain,True,403.0,,1,
https://zu7013.craftum.io/,phishtank,2026-09-27,feed_domain,True,200.0,,1,
https://qrco.de/bfNbZJ,"phishtank,phishtank_kaggle",2024-09-10,feed_domain,True,200.0,,1,
https://l.ead.me/bfa45n,"phishtank,phishtank_kaggle",2024-11-23,feed_domain,True,200.0,,1,
https://coinbase-invest--camrongraves4.replit.app/...,openphish,2026-08-01,feed_domain,True,404.0,,1,
https://l.ead.me/bfbZRP,"phishtank,phishtank_kaggle",2024-12-02,feed_domain,True,200.0,,1,
https://l.ead.me/rh6il879txju,"phishtank,phishtank_kaggle",2024-10-12,feed_domain,True,200.0,,1,
https://www.5mp.eu/fajlok2/catt/index_www.5mp.eu_.html,openphish,2026-07-29,feed_domain,True,200.0,,1,
http://sp12ct-vormek-biz-pransik-keldor.pages.dev/,"openphish,phishtank",2026-08-07,feed_domain,True,403.0,,1,
https://tr.ee/sumup26,"phishtank,phishtank_kaggle",2026-03-19,feed_domain,True,404.0,,1,
https://qrco.de/bgcMze,"phishtank,phishtank_kaggle",2026-02-13,feed_domain,True,200.0,,1,
https://qrco.de/bfPHzQ,"phishtank,phishtank_kaggle",2024-09-19,feed_domain,True,200.0,,1,
https://qrco.de/bfI7IsSCerq34tqergrhreaab,"phishtank,phishtank_kaggle",2024-08-18,feed_domain,True,200.0,,1,
https://www.robiox.com.py/users/217056826743/profile,openphish,2026-07-28,feed_domain,True,200.0,,1,
https://comcastmemberupdate.weebly.com/,phishtank,2026-09-16,feed_domain,True,404.0,,1,
https://qrco.de/bfQfcT,"phishtank,phishtank_kaggle",2024-09-26,feed_domain,True,200.0,,1,
http://correosprepago.bnext.es/pwd/,openphish,2026-09-18,feed_domain,True,200.0,,1,
https://lnk.ink/oFuK4,openphish,2026-09-11,feed_domain,True,403.0,,1,
https://qrco.de/bgfMYW,"phishtank,phishtank_kaggle",2026-03-11,feed_domain,True,200.0,,1,
https://spontanius-glee-dppzegho645m.edgeone.dev/?naps,"openphish,phishtank",2026-08-07,feed_domain,True,404.0,,1,
https://querulous-peach-4dtaevfs.edgeone.dev/English.html,openphish,2026-08-04,feed_domain,True,404.0,,1,
https://sites.google.com/view/owa-office-accs/home,"phishtank,phishtank_kaggle",2022-08-10,feed_domain,True,200.0,,1,
https://qrco.de/bgbxis,"phishtank,phishtank_kaggle",2026-02-11,feed_domain,True,200.0,,1,
https://l.ead.me/bfM3t3,"phishtank,phishtank_kaggle",2024-08-31,feed_domain,True,200.0,,1,
https://u.to/doCyIg,openphish,2026-09-20,feed_domain,True,200.0,,1,
https://qrco.de/bfcKWi,"phishtank,phishtank_kaggle",2024-12-09,feed_domain,True,200.0,,1,
https://sp10ct-gurem-biz8-movel-kasin.pages.dev/,phishtank,2026-07-31,feed_domain,True,403.0,,1,
https://l.ead.me/bfJDNp,"phishtank,phishtank_kaggle",2024-08-14,feed_domain,True,200.0,,1,
https://l.ead.me/bfTrOO,"phishtank,phishtank_kaggle",2024-10-14,feed_domain,True,200.0,,1,
https://www.roblox.et/users/129892913/profile,openphish,2026-09-13,feed_domain,True,200.0,,1,
https://sites.google.com/view/dicas-gestao-para-empresas,"phishtank,phishtank_kaggle",2022-09-29,feed_domain,True,200.0,,1,
https://qrco.de/bfU1KI,"phishtank,phishtank_kaggle",2024-10-18,feed_domain,True,200.0,,1,
https://qrco.de/bfBgZv,"phishtank,phishtank_kaggle",2024-07-09,feed_domain,True,200.0,,1,
https://qrco.de/bfFDSd,"phishtank,phishtank_kaggle",2024-07-19,feed_domain,True,200.0,,1,
https://did.li/AQOOf,phishtank,2026-07-11,feed_domain,True,200.0,,1,
https://qrco.de/bfPfrU,"phishtank,phishtank_kaggle",2024-09-23,feed_domain,True,200.0,,1,
https://consult-sempre-online.vercel.app/,"openphish,phishtank",2026-07-08,feed_domain,True,451.0,,1,
https://qrco.de/Doc0sign,"phishtank,phishtank_kaggle",2025-01-23,feed_domain,True,200.0,,1,
https://www.robiox.com.py/users/227672594777/profile,openphish,2026-07-30,feed_domain,True,200.0,,1,
https://l.ead.me/bfIy2u,"phishtank,phishtank_kaggle",2024-08-13,feed_domain,True,200.0,,1,
https://tinyurl.com/239dwwvu,"phishtank,phishtank_kaggle",2026-01-16,feed_domain,True,200.0,,1,
https://qrco.de/bfHr2Q,"phishtank,phishtank_kaggle",2024-08-06,feed_domain,True,200.0,,1,
https://qrco.de/bfQTw2?coletters=tZg2PJufo7uOSJzZ9YzgensCQ0VJAQEAABShj98mY1-vKuBuMEvRfCZy5b4InRB5JM3OZ7-DvaA8AF8fjfp1AAAAsG0m2TOmw4g8_WirRLVaPXkAfZvYDACfscc4VKS1uZI756x4Rxh7h5GCNPkkuRz2BKbjGC43BODDUp6H01y4Bz97ysIdHWh6rFGzSUhyehpyRvMwu7KTN1PWE6CUhZPsVOmagwRoEe9p-rac7Jn0x9dKzuk1D8DZhcGPPLFEUFmetPTGQUKbYTffexJajNCLit-oDQo5NfSzwxOCvIiiwCFTiXGryaW9xTOFiCt7vJTkwPoDwj2-ofCFmHHJFK_Gs6YF,"phishtank,phishtank_kaggle",2024-10-16,feed_domain,True,200.0,,1,
https://qrco.de/bgaurv,"phishtank,phishtank_kaggle",2026-01-31,feed_domain,True,200.0,,1,
https://sp11ct-hesdok-biz8-pravor-lamvik.pages.dev/,phishtank,2026-08-02,feed_domain,True,403.0,,1,
https://qrco.de/bfEM48,"phishtank,phishtank_kaggle",2024-07-15,feed_domain,True,200.0,,1,
https://l.ead.me/bfNwnl,"phishtank,phishtank_kaggle",2024-09-12,feed_domain,True,200.0,,1,
https://qrco.de/bfTdqm,"phishtank,phishtank_kaggle",2024-10-12,feed_domain,True,200.0,,1,
http://tiny.cc/hpbevz,"phishtank,phishtank_kaggle",2023-11-15,feed_domain,True,403.0,,1,
https://qrco.de/bffkin,"phishtank,phishtank_kaggle",2025-01-12,feed_domain,True,200.0,,1,
http://comcastinternetserver.weebly.com/,openphish,2026-08-12,feed_domain,True,404.0,,1,
https://qrco.de/bgcE6f,"phishtank,phishtank_kaggle",2026-02-13,feed_domain,True,200.0,,1,
https://sites.google.com/view/webpostfachlogin/home,"phishtank,phishtank_kaggle",2025-05-21,feed_domain,True,200.0,,1,
https://tinyurl.com/4kfbvcpd,openphish,2026-09-16,feed_domain,True,200.0,,1,
http://phost.com.br.cssi.com.br/CB/DZ/CB/espace-client/,openphish,2026-08-10,feed_domain,True,200.0,,1,
http://s4w.in/apZed,openphish,2026-08-17,feed_domain,True,200.0,,1,
https://l.ead.me/bgbjS6,"phishtank,phishtank_kaggle",2026-02-10,feed_domain,True,200.0,,1,
https://qrco.de/bgbkHr,"phishtank,phishtank_kaggle",2026-02-08,feed_domain,True,200.0,,1,
https://qrco.de/bgc3zE,"phishtank,phishtank_kaggle",2026-02-11,feed_domain,True,200.0,,1,
https://ipfs.io/ipfs/bafkreibtj3lb2o25x6ztkcwke4e6742tqm4recoqy74xpgkgrestvmovkq,phishtank_kaggle,,feed_domain,True,410.0,,1,
https://l.ead.me/bfJa7n,"phishtank,phishtank_kaggle",2024-08-21,feed_domain,True,200.0,,1,
https://qrco.de/bfJjAq,"phishtank,phishtank_kaggle",2024-08-18,feed_domain,True,200.0,,1,
https://l.ead.me/bfIHJ1,"phishtank,phishtank_kaggle",2024-08-11,feed_domain,True,200.0,,1,
https://l.ead.me/bgbWXg,"phishtank,phishtank_kaggle",2026-02-07,feed_domain,True,200.0,,1,
https://l.ead.me/bgblik,"phishtank,phishtank_kaggle",2026-02-08,feed_domain,True,200.0,,1,
https://l.ead.me/bfTDOS,"phishtank,phishtank_kaggle",2024-10-10,feed_domain,True,200.0,,1,
https://www.roblox.com.mu/communities/3330747117/Robux-Giveaway-Group,openphish,2026-09-13,feed_domain,True,200.0,,1,
http://comcastmailalert.weebly.com/,openphish,2026-08-09,feed_domain,True,404.0,,1,
https://l.ead.me/bfJ9XJ,"phishtank,phishtank_kaggle",2024-08-14,feed_domain,True,200.0,,1,
https://l.ead.me/bfTGhb,"phishtank,phishtank_kaggle",2024-10-11,feed_domain,True,200.0,,1,
https://sites.google.com/view/fgcxv/home,"phishtank,phishtank_kaggle",2025-08-14,feed_domain,True,200.0,,1,
https://qrco.de/bgbxMl,"phishtank,phishtank_kaggle",2026-02-11,feed_domain,True,200.0,,1,
http://qrco.de/bg3SaZ?subscribe-id=yk63zl8Ggb5PLy3Prkdh,"phishtank,phishtank_kaggle",2025-06-06,feed_domain,True,403.0,,1,
https://l.ead.me/bfNgkD,"phishtank,phishtank_kaggle",2024-09-10,feed_domain,True,200.0,,1,
https://qrco.de/bgbTo0,"phishtank,phishtank_kaggle",2026-02-07,feed_domain,True,200.0,,1,
https://sp11ct-fornik-biz8-varsel-modrek.pages.dev/,phishtank,2026-08-02,feed_domain,True,403.0,,1,
https://coenbaze.framer.ai/,"openphish,phishtank",2026-08-02,feed_domain,True,404.0,,1,
https://www.roblox.com.mu/users/9926519406/profile,openphish,2026-09-18,feed_domain,True,200.0,,1,
https://www.roblox.com.ml/users/246777368635/profile,openphish,2026-09-12,feed_domain,True,200.0,,1,
https://qrco.de/bgZiWO,"phishtank,phishtank_kaggle",2026-01-24,feed_domain,True,200.0,,1,
https://qrco.de/bflQPL1?pageuser=hchlD,"phishtank,phishtank_kaggle",2025-02-26,feed_domain,True,200.0,,1,
https://l.ead.me/bfGYgz,"phishtank,phishtank_kaggle",2024-07-30,feed_domain,True,200.0,,1,
https://l.ead.me/bgby1p,"phishtank,phishtank_kaggle",2026-02-11,feed_domain,True,200.0,,1,
https://www.robiox.com.gr/games/139410450104051/Chat-with-AI-Emiko?privateServerLinkCode=45812450266095691462349652157130,openphish,2026-10-01,feed_domain,True,200.0,,1,
https://qrco.de/bgiPsC,"phishtank,phishtank_kaggle",2026-04-03,feed_domain,True,200.0,,1,
https://l.ead.me/bf7qNs,"phishtank,phishtank_kaggle",2024-07-15,feed_domain,True,200.0,,1,
https://lnk.ink/tRfUN,openphish,2026-09-29,feed_domain,True,200.0,,1,
https://did.li/secure/,"phishtank,phishtank_kaggle",2024-11-29,feed_domain,True,200.0,,1,
http://a01l1-a01lw3bma1l.wasmer.app/,"openphish,phishtank",2026-07-28,feed_domain,True,200.0,,1,
https://qrco.de/bfJuGo,"phishtank,phishtank_kaggle",2024-08-20,feed_domain,True,200.0,,1,
https://qrco.de/bgZWMz,"phishtank,phishtank_kaggle",2026-01-21,feed_domain,True,200.0,,1,
https://qrco.de/bfPe9t,"phishtank,phishtank_kaggle",2024-09-23,feed_domain,True,200.0,,1,
https://l.ead.me/bgaxLO,"phishtank,phishtank_kaggle",2026-02-05,feed_domain,True,200.0,,1,
https://l.ead.me/bfJig2,"phishtank,phishtank_kaggle",2024-08-18,feed_domain,True,200.0,,1,
https://ipfs.io/ipfs/QmPubbufbYdoxFydxQrVFTiRBq4bfb4c5zemWyq1emaiYk,"phishtank,phishtank_kaggle",2024-02-19,feed_domain,True,200.0,,1,
https://sites.google.com/view/aktualisieren-sie-ihre/home,"phishtank,phishtank_kaggle",2025-04-08,feed_domain,True,200.0,,1,
https://qrco.de/bgbtwQ,"phishtank,phishtank_kaggle",2026-02-11,feed_domain,True,200.0,,1,
https://www.r.oblox.com.et/users/3674226821/profile,phishtank,2026-06-12,feed_domain,True,200.0,,1,
https://sites.google.com/view/lebonaccpeter/accueil,"phishtank,phishtank_kaggle",2026-02-16,feed_domain,True,200.0,,1,
https://sp12ct-hersik-biz-pramel-vondor.pages.dev/,"openphish,phishtank",2026-08-07,feed_domain,True,403.0,,1,
https://w1xgy-ddna0-x5cczz-f9h-i9s9qa.pages.dev/,phishtank,2026-07-31,feed_domain,True,403.0,,1,
https://www.5mp.eu/fajlok2/update12/update14_www.5mp.eu_.html,phishtank_kaggle,,feed_domain,True,404.0,,1,
https://qrco.de/bgfiyM,"phishtank,phishtank_kaggle",2026-03-19,feed_domain,True,200.0,,1,
https://l.ead.me/mailboxupdate,"phishtank,phishtank_kaggle",2026-02-07,feed_domain,True,200.0,,1,
https://shoutout.wix.com/so/e1P6lraVU?languageTag=en,"phishtank,phishtank_kaggle",2024-09-02,feed_domain,True,200.0,,1,
https://qrco.de/bfLpfK911N4na,"phishtank,phishtank_kaggle",2024-08-30,feed_domain,True,200.0,,1,
https://qrco.de/bgbbrX,"phishtank,phishtank_kaggle",2026-02-07,feed_domain,True,200.0,,1,
https://ir.wymegp.com/,phishtank,2026-08-01,feed_domain,True,200.0,,1,
https://lcs5-7bfe-tji-4o5-04nrzp.pages.dev/,phishtank,2026-07-31,feed_domain,True,403.0,,1,
https://zhta2873-lang.github.io/site-0mvvly1m,phishtank,2026-08-02,feed_domain,True,404.0,,1,
https://qrco.de/beNgYr,"phishtank,phishtank_kaggle",2023-09-25,feed_domain,True,200.0,,1,
http://connexioncompteoutlook.weebly.com/,openphish,2026-09-27,feed_domain,True,200.0,,1,
https://qrco.de/bgbNnQ,"phishtank,phishtank_kaggle",2026-02-05,feed_domain,True,200.0,,1,
https://qrco.de/bfUZQN,"phishtank,phishtank_kaggle",2024-10-18,feed_domain,True,200.0,,1,
https://qrco.de/bga9IO,"phishtank,phishtank_kaggle",2026-01-26,feed_domain,True,200.0,,1,
http://sites.google.com/view/lestraodinareineme/accueil,phishtank,2026-04-15,feed_domain,True,200.0,,1,
https://qrco.de/bfFaO4,"phishtank,phishtank_kaggle",2024-07-22,feed_domain,True,200.0,,1,
https://www.certsolution.org/uploads/ito/itoo/it/conto/noaccount.php,openphish,2026-08-03,feed_domain,True,404.0,,1,
https://ipfs.io/ipfs/QmZpuvNGsBeuEgf5GmDf43dtQTcV38ea2hrvhh7zmBbBF3,"phishtank,phishtank_kaggle",2024-02-19,feed_domain,True,200.0,,1,
https://l.ead.me/bfPoQk,"phishtank,phishtank_kaggle",2024-09-23,feed_domain,True,200.0,,1,
https://sites.google.com/view/webdegigi/home,"phishtank,phishtank_kaggle",2025-06-13,feed_domain,True,200.0,,1,
https://l.ead.me/bfJOrv,"phishtank,phishtank_kaggle",2024-08-16,feed_domain,True,200.0,,1,
https://l.ead.me/bgbsYi,"phishtank,phishtank_kaggle",2026-02-11,feed_domain,True,200.0,,1,
https://qrco.de/bgd35O,"phishtank,phishtank_kaggle",2026-03-02,feed_domain,True,200.0,,1,
https://qrco.de/bfNojT,"phishtank,phishtank_kaggle",2024-09-12,feed_domain,True,200.0,,1,
https://l.ead.me/bfN9ix,"phishtank,phishtank_kaggle",2024-09-08,feed_domain,True,200.0,,1,
https://qrco.de/mywebsite299292,"phishtank,phishtank_kaggle",2023-10-27,feed_domain,True,200.0,,1,
https://njj.standard.us-east-1.oortstorages.com/update.cvz?eta=tips@fbi.gov,phishtank,2026-09-01,feed_domain,True,200.0,,1,
https://sites.google.com/view/plug908765/home,"phishtank,phishtank_kaggle",2024-02-14,feed_domain,True,200.0,,1,
https://meta-hiir.vercel.app/,"openphish,phishtank",2026-09-20,feed_domain,True,451.0,,1,
https://l.ead.me/bgb9xK,"phishtank,phishtank_kaggle",2026-02-04,feed_domain,True,200.0,,1,
https://qrco.de/bfWSk6,"phishtank,phishtank_kaggle",2024-11-01,feed_domain,True,200.0,,1,
https://l.ead.me/bfeyjE,"phishtank,phishtank_kaggle",2025-01-02,feed_domain,True,200.0,,1,
https://hotm.io/Rg6pAdoj,openphish,2026-09-22,feed_domain,True,200.0,,1,
http://help-base-start-sso.typedream.app/,openphish,2026-08-17,feed_domain,True,200.0,,1,
https://bitly.cx/8KtTN,"phishtank,phishtank_kaggle",2025-09-09,feed_domain,True,200.0,,1,
https://l.ead.me/bfMRBN,"phishtank,phishtank_kaggle",2024-09-04,feed_domain,True,200.0,,1,
http://sp12ct-zomdel-biz-pranik-lorsik.pages.dev/,phishtank,2026-08-02,feed_domain,True,403.0,,1,
https://sites.google.com/view/likontredsepo,"phishtank,phishtank_kaggle",2024-07-17,feed_domain,True,200.0,,1,
https://qrco.de/bfImeH,"phishtank,phishtank_kaggle",2024-08-13,feed_domain,True,200.0,,1,
http://security-server-page--aj5582185.replit.app/,openphish,2026-08-19,feed_domain,True,404.0,,1,
https://itau-com.vercel.app/,phishtank,2026-09-17,feed_domain,True,200.0,,1,
http://updatemycomcast.weebly.com/,openphish,2026-08-06,feed_domain,True,404.0,,1,
https://jtechnet.com.br/DigitalToken/DBS/DBS/,phishtank,2026-09-02,feed_domain,True,404.0,,1,
https://did.li/F5XgT,phishtank,2026-06-29,feed_domain,True,200.0,,1,
https://www.roblox.com.am/users/186279419962/profile,"openphish,phishtank",2026-09-27,feed_domain,True,200.0,,1,
https://applinkzzz.weebly.com/,"openphish,phishtank",2026-08-05,feed_domain,True,404.0,,1,
https://qrco.de/bgkufM,phishtank,2026-04-22,feed_domain,True,200.0,,1,
https://qrco.de/bgbdfN,"phishtank,phishtank_kaggle",2026-02-07,feed_domain,True,200.0,,1,
https://creditos-online--pichincha2026.replit.app/,"openphish,phishtank",2026-09-27,feed_domain,True,404.0,,1,
https://rngkuqoo.elementor.cloud/EN34FJHG7ND53/EN33UY645/M0002X1/info.html,"openphish,phishtank",2026-08-07,feed_domain,True,404.0,,1,
https://eu2.contabostorage.com/289e5c6e687146c3820b35557177a380:siling/shimaking.htm,phishtank,2026-07-31,feed_domain,True,401.0,,1,
https://qrco.de/bga5B5,"phishtank,phishtank_kaggle",2026-01-26,feed_domain,True,200.0,,1,
https://qrco.de/bgaVuL,"phishtank,phishtank_kaggle",2026-01-29,feed_domain,True,200.0,,1,
https://ipfs.io/ipfs/bafkreicirdbd7udxdhbrcunjimeln22skxzbe54suzypilujj5xnduwp34,phishtank_kaggle,,feed_domain,True,410.0,,1,
https://f005.backblazeb2.com/file/besala/Cloud+Storage+FlowCloud+Storage+Flow1......HTM,phishtank,2026-08-26,feed_domain,True,404.0,,1,
https://s4w.in/roblox-com-users-32478502141-profile,openphish,2026-09-10,feed_domain,True,200.0,,1,
https://qrco.de/bfHKOY,"phishtank,phishtank_kaggle",2024-08-04,feed_domain,True,200.0,,1,
https://start-live--ledger-app.typedream.app/,phishtank,2026-08-04,feed_domain,True,200.0,,1,
https://qrco.de/bgbyBO,"phishtank,phishtank_kaggle",2026-02-10,feed_domain,True,200.0,,1,
https://l.ead.me/bgeOy2,"phishtank,phishtank_kaggle",2026-03-02,feed_domain,True,200.0,,1,
https://qrco.de/bfJh4Y,"phishtank,phishtank_kaggle",2024-08-19,feed_domain,True,200.0,,1,
http://ph.cljgux.com/bowlatpinhead/bowlatpinhead.html,openphish,2026-08-15,feed_domain,True,200.0,,1,
https://qrco.de/bgbGtL,"phishtank,phishtank_kaggle",2026-02-05,feed_domain,True,200.0,,1,
https://sites.google.com/view/bancavirtual2023/inicio,"phishtank,phishtank_kaggle",2023-09-09,feed_domain,True,200.0,,1,
https://qrco.de/bgbzIu,"phishtank,phishtank_kaggle",2026-02-11,feed_domain,True,200.0,,1,
https://l.ead.me/bfX3L2,"phishtank,phishtank_kaggle",2024-11-02,feed_domain,True,200.0,,1,
https://l.ead.me/bfOBJU,"phishtank,phishtank_kaggle",2024-09-13,feed_domain,True,200.0,,1,
https://spoo.me/Correos-Espana,openphish,2026-08-04,feed_domain,True,451.0,,1,
https://sites.google.com/view/psilamodiro09,"phishtank,phishtank_kaggle",2023-10-17,feed_domain,True,200.0,,1,
https://qrco.de/bfSGhi,"phishtank,phishtank_kaggle",2024-10-10,feed_domain,True,200.0,,1,
https://qrco.de/bfE0Pe,"phishtank,phishtank_kaggle",2024-07-12,feed_domain,True,200.0,,1,
https://mailbox-dpr3yixp1qk1.edgeone.dev/,phishtank,2026-08-03,feed_domain,True,200.0,,1,
https://l.ead.me/bgmQxO,phishtank,2026-05-15,feed_domain,True,200.0,,1,
https://qrco.de/bfEA1u,"phishtank,phishtank_kaggle",2024-07-12,feed_domain,True,200.0,,1,
https://qrco.de/bgiDqY,"phishtank,phishtank_kaggle",2026-04-04,feed_domain,True,200.0,,1,
https://sites.google.com/view/398347867532863423/,"phishtank,phishtank_kaggle",2025-09-17,feed_domain,True,200.0,,1,
https://qrco.de/bgbOHt,"phishtank,phishtank_kaggle",2026-02-08,feed_domain,True,200.0,,1,
https://sp12ct-hamrel-biz-fersan-voldik.pages.dev/,"openphish,phishtank",2026-08-07,feed_domain,True,403.0,,1,
https://qrco.de/beaOWi,"phishtank,phishtank_kaggle",2023-11-29,feed_domain,True,200.0,,1,
https://qrco.de/bfLImV,"phishtank,phishtank_kaggle",2024-08-28,feed_domain,True,200.0,,1,
https://qrco.de/bgbT0J,"phishtank,phishtank_kaggle",2026-02-05,feed_domain,True,200.0,,1,
http://sp12ct-kandor-biz-frelvak-honsel.pages.dev/,phishtank,2026-08-07,feed_domain,True,403.0,,1,
https://qrco.de/bgZXSk,"phishtank,phishtank_kaggle",2026-01-21,feed_domain,True,200.0,,1,
https://qrco.de/bgbemJ,"phishtank,phishtank_kaggle",2026-02-07,feed_domain,True,200.0,,1,
https://s4w.in/roblox-com-users-3468674377-profile,openphish,2026-09-10,feed_domain,True,200.0,,1,
https://qrco.de/bfesNZ,"phishtank,phishtank_kaggle",2024-12-29,feed_domain,True,200.0,,1,
http://security-server-page--emekemine206.replit.app/,openphish,2026-09-22,feed_domain,True,404.0,,1,
http://security-server-landing-page--winterwaldemar1.replit.app/,openphish,2026-09-30,feed_domain,True,200.0,,1,
https://l.ead.me/bfG1hP,"phishtank,phishtank_kaggle",2024-07-26,feed_domain,True,200.0,,1,
https://qrco.de/microsoft13,"phishtank,phishtank_kaggle",2026-01-27,feed_domain,True,200.0,,1,
https://qrco.de/bfJ2Jd,"phishtank,phishtank_kaggle",2024-08-14,feed_domain,True,200.0,,1,
https://qrco.de/bgcDnV,"phishtank,phishtank_kaggle",2026-02-11,feed_domain,True,200.0,,1,
https://qrco.de/bfaTVG?userID=echcWUV1,"phishtank,phishtank_kaggle",2024-11-24,feed_domain,True,200.0,,1,
http://es4dr56tyuikdf6g-dp9xyf4hhc53.edgeone.dev/english.html,openphish,2026-08-05,feed_domain,True,200.0,,1,
https://f005.backblazeb2.com/file/mybillishere/mtsprofile1.html,phishtank,2026-08-25,feed_domain,True,404.0,,1,
https://qrco.de/bfKL4e,"phishtank,phishtank_kaggle",2024-08-21,feed_domain,True,200.0,,1,
http://kuvcoinnloginz.webflow.io/,openphish,2026-09-17,feed_domain,True,404.0,,1,
https://www.roblox.com.ml/users/141436606610/profile,openphish,2026-09-25,feed_domain,True,200.0,,1,
https://paymentsecurelink.vercel.app/,"openphish,phishtank",2026-09-23,feed_domain,True,200.0,,1,
https://qrco.de/bgbL7H,"phishtank,phishtank_kaggle",2026-02-05,feed_domain,True,200.0,,1,
http://sp12ct-karmor-biz-frensel-holdik.pages.dev/,phishtank,2026-08-07,feed_domain,True,403.0,,1,
https://qrco.de/bfE81v,"phishtank,phishtank_kaggle",2024-07-12,feed_domain,True,200.0,,1,
http://rooooo22.netlify.app/,phishtank,2026-08-08,feed_domain,True,404.0,,1,
https://qrco.de/bgZueS,"phishtank,phishtank_kaggle",2026-01-24,feed_domain,True,200.0,,1,
https://l.ead.me/bfIm9n,"phishtank,phishtank_kaggle",2024-08-17,feed_domain,True,200.0,,1,
http://xfinityverifynow.weebly.com/,openphish,2026-08-11,feed_domain,True,404.0,,1,
https://qrco.de/bgZuin,"phishtank,phishtank_kaggle",2026-01-24,feed_domain,True,200.0,,1,
https://www.roblox.com.ml/users/368406452118/profile#about,openphish,2026-09-29,feed_domain,True,200.0,,1,
https://sites.google.com/view/part1d4/inicio?AURUTINA312,"phishtank,phishtank_kaggle",2023-11-28,feed_domain,True,200.0,,1,
https://roblox.com.mu/users/8880414661/profile,openphish,2026-07-31,feed_domain,True,200.0,,1,
https://l.ead.me/bgc70M,"phishtank,phishtank_kaggle",2026-02-11,feed_domain,True,200.0,,1,
https://qrco.de/bga2Ae,"phishtank,phishtank_kaggle",2026-01-24,feed_domain,True,200.0,,1,
https://l.ead.me/bfKAhg,"phishtank,phishtank_kaggle",2024-08-21,feed_domain,True,200.0,,1,
https://other-aqua-2qb7qzos.edgeone.app/,phishtank,2026-07-07,feed_domain,True,200.0,,1,
https://qrco.de/bgaHDT,"phishtank,phishtank_kaggle",2026-01-27,feed_domain,True,200.0,,1,
http://sp11ct-velnor-biz8-prasik-lomzer.pages.dev/,"openphish,phishtank",2026-08-02,feed_domain,True,200.0,,1,
http://xxxxxcomcast.weebly.com/index.html,openphish,2026-09-08,feed_domain,True,200.0,,1,
https://l.ead.me/bgZVtS,"phishtank,phishtank_kaggle",2026-01-24,feed_domain,True,200.0,,1,
https://qrco.de/bgd32u,"phishtank,phishtank_kaggle",2026-03-02,feed_domain,True,200.0,,1,
https://l.ead.me/bfI21t,"phishtank,phishtank_kaggle",2024-08-07,feed_domain,True,200.0,,1,
https://bdvcredienlinea-7--servcios.replit.app/,"openphish,phishtank",2026-09-16,feed_domain,True,404.0,,1,
https://l.ead.me/bgbg7K,"phishtank,phishtank_kaggle",2026-02-07,feed_domain,True,200.0,,1,
http://sp11ct-varex-biz8-luntra-meskor.pages.dev/,"openphish,phishtank",2026-08-02,feed_domain,True,200.0,,1,
https://s4w.in/roblox-com-users-5920397778-profile,openphish,2026-09-19,feed_domain,True,404.0,,1,
https://xfinity222036.weebly.com/,"openphish,phishtank",2026-08-03,feed_domain,True,404.0,,1,
https://qrco.de/bfPGbB,"phishtank,phishtank_kaggle",2024-09-19,feed_domain,True,200.0,,1,
https://qrco.de/bgaqjR,"phishtank,phishtank_kaggle",2026-01-31,feed_domain,True,200.0,,1,
https://qrco.de/bfKKuH,"phishtank,phishtank_kaggle",2024-08-21,feed_domain,True,200.0,,1,
https://qrco.de/bggYHn,"phishtank,phishtank_kaggle",2026-03-17,feed_domain,True,200.0,,1,
https://qrco.de/bfRFBZ,"phishtank,phishtank_kaggle",2024-09-30,feed_domain,True,200.0,,1,
https://l.ead.me/bgZuDi,"phishtank,phishtank_kaggle",2026-01-27,feed_domain,True,200.0,,1,
https://qrco.de/beJq5f,"phishtank,phishtank_kaggle",2023-09-09,feed_domain,True,200.0,,1,
https://l.ead.me/bfLs9E,"phishtank,phishtank_kaggle",2024-08-30,feed_domain,True,200.0,,1,
https://tinyurl.com/3d2sn8vn,phishtank,2026-07-11,feed_domain,True,200.0,,1,
https://qrco.de/bfOBOk,"phishtank,phishtank_kaggle",2024-09-13,feed_domain,True,200.0,,1,
https://www.roblox.et/users/647693302/profile,openphish,2026-09-26,feed_domain,True,200.0,,1,
https://comacstnew.weeblysite.com/,"openphish,phishtank",2026-08-12,feed_domain,True,404.0,,1,
https://qrco.de/bgdyET,"phishtank,phishtank_kaggle",2026-02-26,feed_domain,True,200.0,,1,
https://qrco.de/bfbCG2,"phishtank,phishtank_kaggle",2024-11-29,feed_domain,True,200.0,,1,
https://l.ead.me/bfKJ0g,"phishtank,phishtank_kaggle",2024-08-21,feed_domain,True,200.0,,1,
https://qrco.de/bfEoue,"phishtank,phishtank_kaggle",2024-07-19,feed_domain,True,200.0,,1,
https://ipfs.io/ipfs/bafkreiaky46wm3oz7foongzumockkkfsuohpm6v7gu4gca7gfyszt6tluy#a@b.com,phishtank,2026-05-26,feed_domain,True,410.0,,1,
http://tiny.cc/8qps001,"phishtank,phishtank_kaggle",2025-09-17,feed_domain,True,403.0,,1,
https://site-18eepfj9u.godaddysites.com/,"openphish,phishtank",2026-07-28,feed_domain,True,200.0,,1,
https://l.ead.me/bgbLZh,"phishtank,phishtank_kaggle",2026-02-05,feed_domain,True,200.0,,1,
https://did.li/t6Ux5,phishtank,2026-07-17,feed_domain,True,200.0,,1,
https://qrco.de/bgcUIB,"phishtank,phishtank_kaggle",2026-02-13,feed_domain,True,200.0,,1,
https://qrco.de/bfPOvT,"phishtank,phishtank_kaggle",2024-09-19,feed_domain,True,200.0,,1,
https://l.ead.me/bfMfn0,"phishtank,phishtank_kaggle",2024-09-04,feed_domain,True,200.0,,1,
https://ipfs.io/ipfs/QmcLpEKQ69iai6EwdfTBu5S4a5tdneVei8KXZV2Y8mtD7W,"phishtank,phishtank_kaggle",2024-02-19,feed_domain,True,200.0,,1,
https://l.ead.me/bfOBDM,"phishtank,phishtank_kaggle",2024-09-13,feed_domain,True,200.0,,1,
https://qrco.de/bgfhqg,"phishtank,phishtank_kaggle",2026-03-12,feed_domain,True,200.0,,1,
https://qrco.de/bfMk8A,"phishtank,phishtank_kaggle",2024-09-04,feed_domain,True,200.0,,1,
https://qrco.de/bgbLNv,"phishtank,phishtank_kaggle",2026-02-05,feed_domain,True,200.0,,1,
https://www.roblox.com.mu/users/8838544758/profile,openphish,2026-09-25,feed_domain,True,200.0,,1,
https://qrco.de/bgc7sL,"phishtank,phishtank_kaggle",2026-02-13,feed_domain,True,200.0,,1,
https://qrco.de/bgcwSS,"phishtank,phishtank_kaggle",2026-02-17,feed_domain,True,200.0,,1,
https://tinyurl.com/3bvcd8hb,"phishtank,phishtank_kaggle",2025-07-17,feed_domain,True,200.0,,1,
https://qrco.de/bfJTLS,"phishtank,phishtank_kaggle",2024-08-16,feed_domain,True,200.0,,1,
https://l.ead.me/bgc2kl,"phishtank,phishtank_kaggle",2026-02-11,feed_domain,True,200.0,,1,
https://qrco.de/bfIlTh,"phishtank,phishtank_kaggle",2024-08-13,feed_domain,True,200.0,,1,
https://urlto.me/2EGCq,openphish,2026-08-19,feed_domain,True,200.0,,1,
https://qrco.de/bgZii0,"phishtank,phishtank_kaggle",2026-01-24,feed_domain,True,200.0,,1,
https://qrco.de/bfGwA9,"phishtank,phishtank_kaggle",2024-08-01,feed_domain,True,200.0,,1,
https://www.roblox.com.mu/users/9921793146/profile,openphish,2026-09-21,feed_domain,True,200.0,,1,
https://l.ead.me/bgbUkR,"phishtank,phishtank_kaggle",2026-02-08,feed_domain,True,200.0,,1,
https://l.ead.me/bgcXh6,"phishtank,phishtank_kaggle",2026-02-13,feed_domain,True,200.0,,1,
https://dfgddgd7.weebly.com/,phishtank,2026-08-14,feed_domain,True,404.0,,1,
https://mytelstraweeb.weebly.com/,"openphish,phishtank",2026-08-03,feed_domain,True,404.0,,1,
https://infos-destinataire.bolt.host/index.html,"openphish,phishtank",2026-09-08,feed_domain,True,403.0,,1,
https://l.ead.me/bgcWEX,"phishtank,phishtank_kaggle",2026-02-13,feed_domain,True,200.0,,1,
https://ojxp-p7ls-o9cks-akvlyx-yd3kr.pages.dev/,phishtank,2026-07-31,feed_domain,True,403.0,,1,
https://c17pu9o6k3-3755b1f233.vercel.app/ads-manager-sync-8804441173725060.html,openphish,2026-09-06,feed_domain,True,451.0,,1,
https://l.ead.me/bgaLgH,"phishtank,phishtank_kaggle",2026-01-29,feed_domain,True,200.0,,1,
https://l.ead.me/bfFlZO,"phishtank,phishtank_kaggle",2024-07-25,feed_domain,True,200.0,,1,
https://l.ead.me/bfIqYF,"phishtank,phishtank_kaggle",2024-08-13,feed_domain,True,200.0,,1,
https://reurl.cc/8nzqdj,"phishtank,phishtank_kaggle",2023-12-02,feed_domain,True,200.0,,1,
http://quas7-qfv9-q26ep-h8p8h-vd2y7.pages.dev/,"openphish,phishtank",2026-07-31,feed_domain,True,403.0,,1,
https://sites.google.com/view/mailattyahoooueu83484/home?authuser=2,"phishtank,phishtank_kaggle",2024-03-04,feed_domain,True,200.0,,1,
https://qrco.de/bgaB2T,"phishtank,phishtank_kaggle",2026-01-27,feed_domain,True,200.0,,1,
https://162.89.74.97.host.secureserver.net/scl.swisscom-kundenservice/CH-DE,"openphish,phishtank",2026-07-31,feed_domain,True,404.0,,1,
http://www.robiox.com.py/users/236788894594/profile/,openphish,2026-08-19,feed_domain,True,200.0,,1,
https://qrco.de/bgcDLG,"phishtank,phishtank_kaggle",2026-02-11,feed_domain,True,200.0,,1,
https://goo.su/mchiajsi,openphish,2026-08-10,feed_domain,True,200.0,,1,
http://coxee.webflow.io/,openphish,2026-08-02,feed_domain,True,404.0,,1,
https://qrco.de/bgabI9,"phishtank,phishtank_kaggle",2026-01-31,feed_domain,True,200.0,,1,
https://l.ead.me/bgaYfh,"phishtank,phishtank_kaggle",2026-01-31,feed_domain,True,200.0,,1,
https://le-registre-societes-francaises.fr/verification/07L34R,phishtank,2026-09-14,feed_domain,True,200.0,,1,
https://qrco.de/bgbggl,"phishtank,phishtank_kaggle",2026-02-07,feed_domain,True,200.0,,1,
https://driveeghd.weebly.com/,"openphish,phishtank",2026-08-01,feed_domain,True,404.0,,1,
https://www.roblox.com.ml/users/250878974636/profile,openphish,2026-09-25,feed_domain,True,200.0,,1,
https://qrco.de/bg8dsX,"phishtank,phishtank_kaggle",2025-07-09,feed_domain,True,200.0,,1,
http://xfinityis.weebly.com/,openphish,2026-09-06,feed_domain,True,404.0,,1,
https://qurnela-gld-belmora-a1x5dw94.pages.dev/,phishtank,2026-08-02,feed_domain,True,200.0,,1,
https://qrco.de/bfEVzbCSvgrewgw4t34,"phishtank,phishtank_kaggle",2024-07-16,feed_domain,True,200.0,,1,
https://qrco.de/bfJ2bN,"phishtank,phishtank_kaggle",2024-08-14,feed_domain,True,200.0,,1,
https://sites.google.com/view/dcfgjk/home,"phishtank,phishtank_kaggle",2025-04-26,feed_domain,True,200.0,,1,
https://qrco.de/bfKPQD,"phishtank,phishtank_kaggle",2024-08-23,feed_domain,True,200.0,,1,
https://jh1183.craftum.io/,phishtank,2026-09-20,feed_domain,True,200.0,,1,
https://qrco.de/bfX4LT,"phishtank,phishtank_kaggle",2024-11-02,feed_domain,True,200.0,,1,
https://sxyc9-ngu-j0jq10-1qz9-d1u.pages.dev/,phishtank,2026-07-31,feed_domain,True,403.0,,1,
https://limitlessdubai-dp8oxsl60kva.edgeone.dev/wires$inboxPablo.html,openphish,2026-08-15,feed_domain,True,200.0,,1,
https://u.to/roblox-user-1857741375-profile/EpqwIg,openphish,2026-09-19,feed_domain,True,200.0,,1,
https://o2wz-eis-jtnm-4cc-4on-k09w.pages.dev/,phishtank,2026-07-31,feed_domain,True,403.0,,1,
https://qrco.de/bgaAD6,"phishtank,phishtank_kaggle",2026-01-26,feed_domain,True,200.0,,1,
https://sites.google.com/view/arurururur/home,"phishtank,phishtank_kaggle",2025-04-05,feed_domain,True,200.0,,1,
https://qrco.de/bfNAnB?ts=1,"phishtank,phishtank_kaggle",2024-09-07,feed_domain,True,200.0,,1,
https://l.ead.me/bfJiaH,"phishtank,phishtank_kaggle",2024-08-18,feed_domain,True,200.0,,1,
https://l.ead.me/bfOBIM,"phishtank,phishtank_kaggle",2024-09-13,feed_domain,True,200.0,,1,
https://sites.google.com/view/ilbaskirlo/,"phishtank,phishtank_kaggle",2024-06-10,feed_domain,True,200.0,,1,
https://qrco.de/bfN9Mv,"phishtank,phishtank_kaggle",2024-09-06,feed_domain,True,200.0,,1,
https://l.ead.me/bgax1Q,"phishtank,phishtank_kaggle",2026-02-07,feed_domain,True,200.0,,1,
https://l.ead.me/bfJQTe,"phishtank,phishtank_kaggle",2024-08-17,feed_domain,True,200.0,,1,
https://qrco.de/bfJbVD,"phishtank,phishtank_kaggle",2024-08-17,feed_domain,True,200.0,,1,
https://l.ead.me/bfJNqR,"phishtank,phishtank_kaggle",2024-08-17,feed_domain,True,200.0,,1,
https://qrco.de/bgaAsz,"phishtank,phishtank_kaggle",2026-01-27,feed_domain,True,200.0,,1,
https://sp12ct-felsik-biz-kavsel-vondor.pages.dev/,phishtank,2026-08-07,feed_domain,True,403.0,,1,
http://njbp7-7m4vn4-2wg-4hnj-pldu.pages.dev/,"openphish,phishtank",2026-07-31,feed_domain,True,403.0,,1,
https://focused-popup-011180.framer.app/,phishtank,2026-08-08,feed_domain,True,404.0,,1,
https://qrco.de/bfIFZ2,"phishtank,phishtank_kaggle",2024-08-09,feed_domain,True,200.0,,1,
https://sites.google.com/view/xwxcvcbcvvn/accueil,"phishtank,phishtank_kaggle",2024-10-01,feed_domain,True,200.0,,1,
https://l.ead.me/bfx8K2,"phishtank,phishtank_kaggle",2025-05-03,feed_domain,True,200.0,,1,
https://skymaiilservice.weebly.com/,"openphish,phishtank",2026-07-30,feed_domain,True,404.0,,1,
https://l.ead.me/bfHELO,"phishtank,phishtank_kaggle",2024-08-04,feed_domain,True,200.0,,1,
https://sites.google.com/view/gmxmaildvc-dhyfvudfvcs/home,"phishtank,phishtank_kaggle",2025-04-23,feed_domain,True,200.0,,1,
https://l.ead.me/bgbR0L,"phishtank,phishtank_kaggle",2026-02-05,feed_domain,True,200.0,,1,
https://qrco.de/bfMRcC,"phishtank,phishtank_kaggle",2024-09-04,feed_domain,True,200.0,,1,
https://qrco.de/bgaOm0,"phishtank,phishtank_kaggle",2026-01-27,feed_domain,True,200.0,,1,
https://www.robiox.com.py/users/222202683373/profile,openphish,2026-08-05,feed_domain,True,200.0,,1,
http://www.roblox.com.et/games/7041939546/Catalog-Avatar-Creator/,openphish,2026-08-19,feed_domain,True,200.0,,1,
https://l.ead.me/bgaKQp,"phishtank,phishtank_kaggle",2026-01-29,feed_domain,True,200.0,,1,
https://qrco.de/bfLHhG,"phishtank,phishtank_kaggle",2024-08-28,feed_domain,True,200.0,,1,
https://www.roblox.com.mu/users/7318921578/profile,openphish,2026-09-13,feed_domain,True,200.0,,1,
https://qrco.de/bfCZAU?IVr,"phishtank,phishtank_kaggle",2024-07-09,feed_domain,True,200.0,,1,
http://www.roblox.com.am/users/444336347764/profile,openphish,2026-08-18,feed_domain,True,200.0,,1,
http://sp12ct-fravik-biz-holdor-prensak.pages.dev/,"openphish,phishtank",2026-08-07,feed_domain,True,403.0,,1,
https://l.ead.me/bfRPa5,"phishtank,phishtank_kaggle",2024-10-01,feed_domain,True,200.0,,1,
https://sites.google.com/view/continuar-servizio/,"phishtank,phishtank_kaggle",2025-10-30,feed_domain,True,200.0,,1,
https://qrco.de/bgeIZO,"phishtank,phishtank_kaggle",2026-03-03,feed_domain,True,200.0,,1,
https://l.ead.me/bfIcf6,"phishtank,phishtank_kaggle",2024-08-11,feed_domain,True,200.0,,1,
https://qrco.de/bgaea3,"phishtank,phishtank_kaggle",2026-01-31,feed_domain,True,200.0,,1,
https://sites.google.com/view/currently-update1106/update,"phishtank,phishtank_kaggle",2023-11-06,feed_domain,True,200.0,,1,
https://ipfs.io/ipfs/bafybeihttja4q4zw6toafmdya3vk62wsbxj2m4u4vt2mmhinbfeuh6jaha,phishtank_kaggle,,feed_domain,True,410.0,,1,
https://sites.google.com/view/blomoliff/,"phishtank,phishtank_kaggle",2024-03-05,feed_domain,True,200.0,,1,
https://qrco.de/bgcKnW,"phishtank,phishtank_kaggle",2026-02-14,feed_domain,True,200.0,,1,
https://l.ead.me/bfSNi9,"phishtank,phishtank_kaggle",2024-10-08,feed_domain,True,200.0,,1,
https://shoutout.wix.com/so/9dP_hag48/c?w=i0HOHwEyzjox5V3jtBYfMAfXxWuVGGBxR7NSsv-Fxfs.eyJ1IjoiaHR0cHM6Ly9lZ3JjbG91ZC5jb20vb25saW5lLmh0bWwiLCJyIjoiMDc4NzlmY2MtNmJiNy00NjljLWEwNmMtMTc2NTk4ZDdlZDY2IiwibSI6Im1haWwiLCJjIjoiNGFiZDBmZmQtZDgzNy00OWE5LWI4MDgtMzA2ZGU5MWU5OWYzIn0,openphish,2026-07-29,feed_domain,True,200.0,,1,
https://qrco.de/bfXKOb,"phishtank,phishtank_kaggle",2024-11-06,feed_domain,True,200.0,,1,
https://qrco.de/bfImIM,"phishtank,phishtank_kaggle",2024-08-17,feed_domain,True,200.0,,1,
https://l.ead.me/bgcdNu,"phishtank,phishtank_kaggle",2026-02-24,feed_domain,True,200.0,,1,
https://sites.google.com/view/ertrds/home,"phishtank,phishtank_kaggle",2024-12-09,feed_domain,True,200.0,,1,
https://qrco.de/bfYRCg,"phishtank,phishtank_kaggle",2024-11-12,feed_domain,True,200.0,,1,
https://qrco.de/bgaNGM,"phishtank,phishtank_kaggle",2026-01-31,feed_domain,True,200.0,,1,
https://l.ead.me/bgrdJj,phishtank,2026-06-12,feed_domain,True,200.0,,1,
https://orange-nl.comparecycle.com/faq/presse,"phishtank,phishtank_kaggle",2022-10-19,feed_domain,True,200.0,,1,
https://l.ead.me/bgbzAY,"phishtank,phishtank_kaggle",2026-02-11,feed_domain,True,200.0,,1,
http://xfinitylogininc.weebly.com/,openphish,2026-08-08,feed_domain,True,404.0,,1,
http://allegrolokalnie.pl-029530.icu/oferta/wsk-125-zarejestrowana/86002,"openphish,phishtank",2026-10-01,feed_domain,True,200.0,,1,
https://l.ead.me/bfNAPi,"phishtank,phishtank_kaggle",2024-09-07,feed_domain,True,200.0,,1,
https://l.ead.me/bfJYFF,"phishtank,phishtank_kaggle",2024-08-17,feed_domain,True,200.0,,1,
http://xfnty2212.weebly.com/,openphish,2026-09-23,feed_domain,True,200.0,,1,
https://sites.google.com/view/opc-7/accueil,phishtank,2026-04-24,feed_domain,True,200.0,,1,
https://tinyurl.com/bdexpc9d,"phishtank,phishtank_kaggle",2026-03-19,feed_domain,True,200.0,,1,
https://qrco.de/bfYk1Z,"phishtank,phishtank_kaggle",2024-11-13,feed_domain,True,200.0,,1,
https://ipfs.io/ipfs/bafkreibx2p5dymfxvio2mn4jj3pysg7gkd2px5hyixmrbr2kc2no7qza3i/#a@b.com,phishtank_kaggle,,feed_domain,True,410.0,,1,
https://qrco.de/bfISF5,"phishtank,phishtank_kaggle",2024-08-10,feed_domain,True,200.0,,1,
https://l.ead.me/bfImt8,"phishtank,phishtank_kaggle",2024-08-13,feed_domain,True,200.0,,1,
https://l.ead.me/bgc30Z,"phishtank,phishtank_kaggle",2026-02-11,feed_domain,True,200.0,,1,
https://s4w.in/www-roblox-com-users-374231218556-profile,openphish,2026-09-08,feed_domain,True,200.0,,1,
https://www.roblox.com.am/users/147467469672/profile,openphish,2026-09-29,feed_domain,True,200.0,,1,
https://qrco.de/bfKVZP,"phishtank,phishtank_kaggle",2024-08-23,feed_domain,True,200.0,,1,
https://sites.google.com/amricalturs.net/ks3/microsoft-office-365,"phishtank,phishtank_kaggle",2022-08-03,feed_domain,True,200.0,,1,
https://gbiv.netlify.app/,phishtank,2026-07-31,feed_domain,True,404.0,,1,
https://qrco.de/bgc6V4,"phishtank,phishtank_kaggle",2026-02-11,feed_domain,True,200.0,,1,
https://l.ead.me/bfaXpm,"phishtank,phishtank_kaggle",2024-11-26,feed_domain,True,200.0,,1,
https://qrco.de/bgbImR,"phishtank,phishtank_kaggle",2026-02-05,feed_domain,True,200.0,,1,
https://c17pu9o6k3-3755b1f233.vercel.app/ads-reporting-service-1769706803637446.html,openphish,2026-09-06,feed_domain,True,451.0,,1,
https://usc1.contabostorage.com/2c982e1d6d4c4f9d9a5d2f875ea22c09:oop/all-domaiin.html,phishtank,2026-06-12,feed_domain,True,401.0,,1,
https://l.ead.me/bgc5fM,"phishtank,phishtank_kaggle",2026-02-11,feed_domain,True,200.0,,1,
https://comcastcommunicationonline.weebly.com/,phishtank,2026-09-09,feed_domain,True,404.0,,1,
http://sp11ct-lavrik-biz8-kornel-tresan.pages.dev/,phishtank,2026-08-02,feed_domain,True,403.0,,1,
https://l.ead.me/bgcRT4,"phishtank,phishtank_kaggle",2026-02-14,feed_domain,True,200.0,,1,
https://l.ead.me/bgaSOR,"phishtank,phishtank_kaggle",2026-01-29,feed_domain,True,200.0,,1,
https://l.ead.me/bfYpp2,"phishtank,phishtank_kaggle",2024-11-13,feed_domain,True,200.0,,1,
https://l.ead.me/bfNqaz,"phishtank,phishtank_kaggle",2024-09-12,feed_domain,True,200.0,,1,
https://qrco.de/bfSu2b,"phishtank,phishtank_kaggle",2024-10-10,feed_domain,True,200.0,,1,
https://pldxu-jpa-dakfrj-zivem-eroo.pages.dev/,phishtank,2026-07-31,feed_domain,True,403.0,,1,
https://qrco.de/bguT51,phishtank,2026-07-11,feed_domain,True,200.0,,1,
https://fuchsia-graphs-773214.framer.app/,phishtank,2026-07-29,feed_domain,True,404.0,,1,
https://qrco.de/bgamYb,"phishtank,phishtank_kaggle",2026-01-31,feed_domain,True,200.0,,1,
https://qrco.de/bgb1IJ,"phishtank,phishtank_kaggle",2026-02-04,feed_domain,True,200.0,,1,
https://l.ead.me/bfFflY,"phishtank,phishtank_kaggle",2024-07-25,feed_domain,True,200.0,,1,
http://public-cnbas-en-us.typedream.app/,openphish,2026-09-10,feed_domain,True,200.0,,1,
https://sites.google.com/view/awspage,"phishtank,phishtank_kaggle",2021-12-03,feed_domain,True,200.0,,1,
https://l.ead.me/bgaIXN,"phishtank,phishtank_kaggle",2026-01-31,feed_domain,True,200.0,,1,
https://sites.google.com/view/webyfdlfidjfdk/home,"phishtank,phishtank_kaggle",2024-06-04,feed_domain,True,200.0,,1,
https://mhbkt4a51gp-xwldgmja-1e9f5b-mhb96c.pages.dev/,phishtank,2026-08-07,feed_domain,True,403.0,,1,
https://www.roblox.com.ml/users/415279478406/profile,openphish,2026-09-29,feed_domain,True,200.0,,1,
https://l.ead.me/bfNnHT,"phishtank,phishtank_kaggle",2024-09-12,feed_domain,True,200.0,,1,
https://qrco.de/behQIY,"phishtank,phishtank_kaggle",2024-01-15,feed_domain,True,200.0,,1,
https://comcastvoicemailer.weebly.com/,phishtank,2026-08-07,feed_domain,True,404.0,,1,
https://payme-paypal.com/login,phishtank,2026-06-27,feed_domain,True,403.0,,1,
https://l.ead.me/bfKPsi,"phishtank,phishtank_kaggle",2024-08-23,feed_domain,True,200.0,,1,
http://sp10ct-valem-biz8-lurek-fodin.pages.dev/,"openphish,phishtank",2026-07-31,feed_domain,True,403.0,,1,
https://sites.google.com/l0gin-microsoftwebonlne.app/78694856535?usp=sharing/,phishtank,2026-04-13,feed_domain,True,200.0,,1,
https://sites.google.com/view/bsgrjhfnf/home,"phishtank,phishtank_kaggle",2024-11-02,feed_domain,True,200.0,,1,
https://l.ead.me/bgbyt0,"phishtank,phishtank_kaggle",2026-02-11,feed_domain,True,200.0,,1,
https://surl.li/mqufog,phishtank,2026-04-10,feed_domain,True,200.0,,1,
https://site-7lhik3ohd.godaddysites.com/outlook,"openphish,phishtank",2026-08-05,feed_domain,True,404.0,,1,
https://qrco.de/bgbzxd,"phishtank,phishtank_kaggle",2026-02-11,feed_domain,True,200.0,,1,
http://xelquna-gld-lormeta-r8t6fc57.pages.dev/,phishtank,2026-07-12,feed_domain,True,403.0,,1,
https://qrco.de/bgboBj,"phishtank,phishtank_kaggle",2026-02-08,feed_domain,True,200.0,,1,
http://xfinity332.weebly.com/,openphish,2026-08-18,feed_domain,True,404.0,,1,
https://qrco.de/bfJO0E,"phishtank,phishtank_kaggle",2024-08-16,feed_domain,True,200.0,,1,
https://s4w.in/glwdn,openphish,2026-09-08,feed_domain,True,200.0,,1,
https://l.ead.me/bfJian,"phishtank,phishtank_kaggle",2024-08-18,feed_domain,True,200.0,,1,
https://l.ead.me/bfR1of,"phishtank,phishtank_kaggle",2024-09-28,feed_domain,True,200.0,,1,
https://xfnty2212.weebly.com/,phishtank,2026-09-23,feed_domain,True,200.0,,1,
https://qrco.de/bgcZSK,"phishtank,phishtank_kaggle",2026-02-14,feed_domain,True,200.0,,1,
https://qrco.de/i2u3hbelkdgdmafgd,"phishtank,phishtank_kaggle",2024-10-04,feed_domain,True,200.0,,1,
http://public-suite-app-trez.typedream.app/,openphish,2026-08-17,feed_domain,True,200.0,,1,
https://l.ead.me/bfJ1eY,"phishtank,phishtank_kaggle",2024-08-14,feed_domain,True,200.0,,1,
http://xkjgjv-gfhr7-03o-wrg71u-k8xoa.pages.dev/,"openphish,phishtank",2026-07-31,feed_domain,True,403.0,,1,
https://qrco.de/bfIxk6,"phishtank,phishtank_kaggle",2024-08-13,feed_domain,True,200.0,,1,
http://mb8905-vxepq9-uz89o-d2j-pbv.pages.dev/,"openphish,phishtank",2026-07-31,feed_domain,True,403.0,,1,
https://l.ead.me/bfwhbi,"phishtank,phishtank_kaggle",2025-05-03,feed_domain,True,200.0,,1,
https://l.ead.me/bgc3Kh,"phishtank,phishtank_kaggle",2026-02-11,feed_domain,True,200.0,,1,
https://l.ead.me/bfLvSq,"phishtank,phishtank_kaggle",2024-08-30,feed_domain,True,200.0,,1,
https://l.ead.me/bfKN2n,"phishtank,phishtank_kaggle",2024-08-21,feed_domain,True,200.0,,1,
https://qrco.de/bfTlU2,"phishtank,phishtank_kaggle",2024-10-14,feed_domain,True,200.0,,1,
http://sp12ct-havrok-biz-fersel-kamdik.pages.dev/,phishtank,2026-08-07,feed_domain,True,403.0,,1,
https://instagram-login-support.vercel.app/,"openphish,phishtank",2026-09-20,feed_domain,True,200.0,,1,
https://qrco.de/bgZvVO,"phishtank,phishtank_kaggle",2026-01-24,feed_domain,True,200.0,,1,
https://l.ead.me/bfHq00,"phishtank,phishtank_kaggle",2024-08-06,feed_domain,True,200.0,,1,
https://qrco.de/bfJlfZ,"phishtank,phishtank_kaggle",2024-08-21,feed_domain,True,200.0,,1,
https://tinyurl.com/2yrddutm,"phishtank,phishtank_kaggle",2025-09-24,feed_domain,True,200.0,,1,
https://www.roblox.com.mu/users/9698411058/profile,openphish,2026-09-26,feed_domain,True,200.0,,1,
https://l.ead.me/bfIbra,"phishtank,phishtank_kaggle",2024-08-10,feed_domain,True,200.0,,1,
http://xefinity.weebly.com/,openphish,2026-08-02,feed_domain,True,404.0,,1,
https://l.ead.me/bfHWCi,"phishtank,phishtank_kaggle",2024-08-05,feed_domain,True,200.0,,1,
http://sp10ct-lafik-biz8-durem-zorel.pages.dev/,"openphish,phishtank",2026-07-31,feed_domain,True,403.0,,1,
https://qrco.de/bgaghR,"phishtank,phishtank_kaggle",2026-01-29,feed_domain,True,200.0,,1,
https://sites.google.com/view/qweqcsd/home,"phishtank,phishtank_kaggle",2024-10-21,feed_domain,True,200.0,,1,
https://qrco.de/bfRBbB,"phishtank,phishtank_kaggle",2024-09-28,feed_domain,True,200.0,,1,
http://sp12ct-varsok-biz-feldor-pramik.pages.dev/,"openphish,phishtank",2026-08-02,feed_domain,True,403.0,,1,
https://qrco.de/bfNnSy,"phishtank,phishtank_kaggle",2024-09-12,feed_domain,True,200.0,,1,
https://l.ead.me/bfQ5O2,"phishtank,phishtank_kaggle",2024-09-23,feed_domain,True,200.0,,1,
https://l.ead.me/bfMw8U,"phishtank,phishtank_kaggle",2024-09-05,feed_domain,True,200.0,,1,
https://qrco.de/bgbXAy,"phishtank,phishtank_kaggle",2026-02-07,feed_domain,True,200.0,,1,
https://sp12ct-holrek-biz-pranik-keldar.pages.dev/,phishtank,2026-08-02,feed_domain,True,403.0,,1,
https://portal-de-desembolso-pc--agzc3668.replit.app/,"openphish,phishtank",2026-08-11,feed_domain,True,404.0,,1,
https://l.ead.me/bgcAnu,"phishtank,phishtank_kaggle",2026-02-11,feed_domain,True,200.0,,1,
https://l.ead.me/bfftW1,"phishtank,phishtank_kaggle",2025-01-12,feed_domain,True,200.0,,1,
https://did.li/4Tvx5,"phishtank,phishtank_kaggle",2025-06-07,feed_domain,True,200.0,,1,
https://l.ead.me/bfIXzp,"phishtank,phishtank_kaggle",2024-08-11,feed_domain,True,200.0,,1,
https://qrco.de/bfI31i,"phishtank,phishtank_kaggle",2024-08-10,feed_domain,True,200.0,,1,
https://lnk.ink/roblox-direct-user_of_person-joining,openphish,2026-09-18,feed_domain,True,200.0,,1,
https://qrco.de/bfCyrm,"phishtank,phishtank_kaggle",2024-07-09,feed_domain,True,200.0,,1,
https://l.ead.me/bfK4gi,"phishtank,phishtank_kaggle",2024-08-21,feed_domain,True,200.0,,1,
https://l.ead.me/bfEh4p,"phishtank,phishtank_kaggle",2024-07-17,feed_domain,True,200.0,,1,
https://qrco.de/bfMw4G,"phishtank,phishtank_kaggle",2024-09-06,feed_domain,True,200.0,,1,
https://l.ead.me/bfMLht,"phishtank,phishtank_kaggle",2024-09-03,feed_domain,True,200.0,,1,
https://tinyurl.com/2hwpfjb9,"phishtank,phishtank_kaggle",2025-08-30,feed_domain,True,200.0,,1,
https://l.ead.me/bfHKkt,"phishtank,phishtank_kaggle",2024-08-05,feed_domain,True,200.0,,1,
https://sites.google.com/mailsaolcom.com/aolcomlogin/home,"phishtank,phishtank_kaggle",2024-02-28,feed_domain,True,200.0,,1,
https://qrco.de/bfQGEF,"phishtank,phishtank_kaggle",2024-09-26,feed_domain,True,200.0,,1,
https://linktr.ee/taniaoai,"phishtank,phishtank_kaggle",2024-02-04,feed_domain,True,404.0,,1,
https://ipfs.io/ipfs/bafkreia6tn4q5tjeuu6bniducfjdawtuih44wrq7jihqo47esd2q2m54g4,phishtank,2026-06-22,feed_domain,True,410.0,,1,
https://qrco.de/bgbvHn,"phishtank,phishtank_kaggle",2026-02-11,feed_domain,True,200.0,,1,
https://qrco.de/bgmwx0,phishtank,2026-05-11,feed_domain,True,200.0,,1,
https://qrco.de/bfQ4yo?verify=i5xVsMnlIeJ1EmKckMKCJPaIQ0VJAQEAABShj98mY1-vKuBuMEvRfCZy5b4InRB5JM3OZ7-DvaA8AF8fjfp1AAAAsG0m2TOmw4g8_WirRLVaPXkAfZvYDACfscc4VKS1uZI756x4Rxh7h5GCNPkkuRz2BKbjGC43BODDUp6H01y4BzhJiekIMTVOiahJqZb5IbJN8FMwu7KTN1PWE6CUhZPsVOmagwRoEe9p-rac7Jn0x9dKzuk1D8DZhcGPPLFEUFmetPTGQUKbYTffexJajNCLit-oDQo5NfSzwxOCvIiiwCFTiXGryaW9xTOFiCt7vJTkwPoDwj2-ofCFmHHJFK_Gs6YF,"phishtank,phishtank_kaggle",2024-10-01,feed_domain,True,200.0,,1,
https://l.ead.me/bfJmdV,"phishtank,phishtank_kaggle",2024-08-19,feed_domain,True,200.0,,1,
https://qrco.de/bga0IF,"phishtank,phishtank_kaggle",2026-01-24,feed_domain,True,200.0,,1,
https://l.ead.me/bfMFC7,"phishtank,phishtank_kaggle",2024-09-03,feed_domain,True,200.0,,1,
https://e5tarle.org/4k-wallpapers-auto-changer,commoncrawl,2026-08-23,,,,,0,
https://dhl.com/search?q=invoice,templated_authflow,2026-08-23,,,,,0,
https://fwwgo.com/search?q=invoice,templated_authflow,2026-08-23,,,,,0,
https://postrelease.com/signin,templated_authflow,2026-08-23,,,,,0,
https://scdn.co/two-factor/verify,templated_authflow,2026-08-23,,,,,0,
https://everydayhealth.com/signin,templated_authflow,2026-08-23,,,,,0,
https://mangosip.ru/dashboard,templated_authflow,2026-08-23,,,,,0,
https://woolworths.com.au/two-factor/verify,templated_authflow,2026-08-23,,,,,0,
https://upmc.com/account/login,templated_authflow,2026-08-23,,,,,0,
https://gazetaprawna.pl/two-factor/verify,templated_authflow,2026-08-23,,,,,0,
https://amazon.com/saml/sso?SAMLRequest=Yq9XVNOGfi8f2oadRVJGiPWmH2tQy1KN&RelayState=0uBeAe2LDmJq,templated_authflow,2026-08-23,,,,,0,
https://larazon.es/checkout,templated_authflow,2026-08-23,,,,,0,
https://ggpluso.com/account/settings,templated_authflow,2026-08-23,,,,,0,
https://fluke.com/account/login,templated_authflow,2026-08-23,,,,,0,
https://arabx.cam/signin,templated_authflow,2026-08-23,,,,,0,
https://surveyenquete.net/verify-email?token=J3Nc7dlj7fJiNdu7EVyITgAfORNc5hSD,templated_authflow,2026-08-23,,,,,0,
https://refiner.io/two-factor/verify,templated_authflow,2026-08-23,,,,,0,
https://acpjournals.org/signin,templated_authflow,2026-08-23,,,,,0,
https://rackspaceclouddb.com/account/login,templated_authflow,2026-08-23,,,,,0,
https://geocomply.com/password/reset?token=XOuDILYPQfIQwei0BY1uQ7oLhh3MuJw0,templated_authflow,2026-08-23,,,,,0,
https://javsubbed.net/actor/eri-takigawa/,commoncrawl,2026-08-23,,,,,0,
https://vultr.com/verify-email?token=euanDWIvUXJuFoWH60r8xsngdx2B9BAk,templated_authflow,2026-08-23,,,,,0,
https://grubhub.com/login,templated_authflow,2026-08-23,,,,,0,
https://tagsrvcs.com/cart,templated_authflow,2026-08-23,,,,,0,
https://rmhfrtnd.com/two-factor/verify,templated_authflow,2026-08-23,,,,,0,
https://ajax.systems/account/login,templated_authflow,2026-08-23,,,,,0,
https://bt.com/account/settings,templated_authflow,2026-08-23,,,,,0,
https://optus.com.au/saml/sso?SAMLRequest=wReyqdCGD3V99ZT2Pd3t16GgfnVPxW35&RelayState=bdPzmyjT7hYd,templated_authflow,2026-08-23,,,,,0,
https://gamedeveloper.com/account/login,templated_authflow,2026-08-23,,,,,0,
https://monitoring360.io/account/security,templated_authflow,2026-08-23,,,,,0,
https://bbvms.com/signin,templated_authflow,2026-08-23,,,,,0,
https://viadata.store/verify-email?token=gIgl9L9C6ZfDcNfL0FV8xJ696JoxYUZ7,templated_authflow,2026-08-23,,,,,0,
https://facebook.com/search?q=billing,templated_authflow,2026-08-23,,,,,0,
https://tagsrvcs.com/account/login,templated_authflow,2026-08-23,,,,,0,
https://ad-tech.ru/account/login,templated_authflow,2026-08-23,,,,,0,
https://portalsamorzadowy.pl/password/reset?token=SWQULOefzPXSUfASQqyyzQOnlBBoQTVf,templated_authflow,2026-08-23,,,,,0,
https://accounts.google.com/signin/v2/challenge/pwd?TL=djjZK8tfphJWAMMYNoXHyC6Ct3LBtKNd,templated_authflow,2026-08-23,,,,,0,
https://statically.io/account/security,templated_authflow,2026-08-23,,,,,0,
https://project-syndicate.org/cart,templated_authflow,2026-08-23,,,,,0,
https://oxcs.net/checkout,templated_authflow,2026-08-23,,,,,0,
https://cdnstream1.com/account/login,templated_authflow,2026-08-23,,,,,0,
https://yadi.sk/search?q=support,templated_authflow,2026-08-23,,,,,0,
https://yahoo.com/checkout/payment,templated_authflow,2026-08-23,,,,,0,
https://corel.com/checkout,templated_authflow,2026-08-23,,,,,0,
https://wellsfargo.com/account/settings,templated_authflow,2026-08-23,,,,,0,
https://sahibinden.com/signin,templated_authflow,2026-08-23,,,,,0,
https://jsbin.com/password/reset?token=btJxKroDuum3XDOozVfQtbthugt5PQKP,templated_authflow,2026-08-23,,,,,0,
https://ucloud.cn/search?q=support,templated_authflow,2026-08-23,,,,,0,
https://monitoring360.io/signin,templated_authflow,2026-08-23,,,,,0,
https://fluke.com/checkout,templated_authflow,2026-08-23,,,,,0,
https://tiktokio.com/orders/confirmation?order_id=810755,templated_authflow,2026-08-23,,,,,0,
https://login.live.com/oauth20_authorize.srf?client_id=Sgc5kFi0TVUAgqNm&scope=service%3A%3Aaccount.microsoft.com&response_type=code,templated_authflow,2026-08-23,,,,,0,
https://amx1.net/orders/confirmation?order_id=221578,templated_authflow,2026-08-23,,,,,0,
https://login.microsoftonline.com/consumers/oauth2/v2.0/authorize?client_id=QVQVlhaTiSakF8wH&scope=openid,templated_authflow,2026-08-23,,,,,0,
https://poets.org/signin,templated_authflow,2026-08-23,,,,,0,
https://haecdn.com/cart,templated_authflow,2026-08-23,,,,,0,
https://att.com/account/security,templated_authflow,2026-08-23,,,,,0,
https://bt.com/orders/confirmation?order_id=536761,templated_authflow,2026-08-23,,,,,0,
https://wetransfer.com/checkout,templated_authflow,2026-08-23,,,,,0,
https://www.radioc.ru/contests/photooftheday/?PAGEN_1=1,commoncrawl,2026-08-23,,,,,0,
https://supabase.com/account/settings,templated_authflow,2026-08-23,,,,,0,
https://www.mathewsons.co.uk/auction/details/-june-classic-vehicles--memorabilia-auction/?au=104&pn=2&g=1,commoncrawl,2026-08-23,,,,,0,
https://movavi.com/login,templated_authflow,2026-08-23,,,,,0,
https://dc.gov/account/security,templated_authflow,2026-08-23,,,,,0,
https://camwhores.tv/password/reset?token=CLWdcz5U3qlaT4Bou7KmGzDBFcLVAUJz,templated_authflow,2026-08-23,,,,,0,
https://audible.de/account/login,templated_authflow,2026-08-23,,,,,0,
https://api.twitter.com/oauth/authorize?oauth_token=HsFXeBMbAeJfT5XjXPcxrzrDPZ6vt1IM,templated_authflow,2026-08-23,,,,,0,
https://id5-sync.com/account/security,templated_authflow,2026-08-23,,,,,0,
https://ridgwayband.com/dashboard,templated_authflow,2026-08-23,,,,,0,
https://americanexpress.com/verify-email?token=8pdyPn8AwC3HmCSePRxg9YdsgpzFDE9y,templated_authflow,2026-08-23,,,,,0,
https://cfdata.org/password/reset?token=AuS6lxEPdmYlQF7SykEAlexgmSQsq8CY,templated_authflow,2026-08-23,,,,,0,
https://www.onlarissa.gr/2024/08/02/apisteftos-theocharis-apantontas-se-kokkali-gia-kartel-kai-aischrokerdeia-den-einai-lysi-na-boune-oloi-fylaki/,commoncrawl,2026-08-23,,,,,0,
https://surveyenquete.net/account/security,templated_authflow,2026-08-23,,,,,0,
https://google.dj/cart,templated_authflow,2026-08-23,,,,,0,
https://engageforce.net/checkout,templated_authflow,2026-08-23,,,,,0,
https://dev.microsoft/account/security,templated_authflow,2026-08-23,,,,,0,
https://ilgazzettino.it/checkout,templated_authflow,2026-08-23,,,,,0,
https://porndr.com/search?q=order+status,templated_authflow,2026-08-23,,,,,0,
https://cdnhwcbzj102.com/search?q=order+status,templated_authflow,2026-08-23,,,,,0,
https://www.instagram.com/accounts/login/?next=%2F,templated_authflow,2026-08-23,,,,,0,
https://24h.com.vn/dashboard,templated_authflow,2026-08-23,,,,,0,
https://brave.com/search?q=help+center,templated_authflow,2026-08-23,,,,,0,
https://pxltag.com/dashboard,templated_authflow,2026-08-23,,,,,0,
https://blacktoon414.com/checkout/payment,templated_authflow,2026-08-23,,,,,0,
https://24h.com.vn/search?q=support,templated_authflow,2026-08-23,,,,,0,
https://vmware.com/signin,templated_authflow,2026-08-23,,,,,0,
https://axc.nl/cart,templated_authflow,2026-08-23,,,,,0,
https://microsoftapp.net/cart,templated_authflow,2026-08-23,,,,,0,
https://sc-static.net/signin,templated_authflow,2026-08-23,,,,,0,
https://www.ziondaily.com/11979,commoncrawl,2026-08-23,,,,,0,
https://apa.at/account/security,templated_authflow,2026-08-23,,,,,0,
https://www.boatsgroup.com/katie-jackson-boats-com-brand-manager-interviewed-pmca-convene-magazine/,commoncrawl,2026-08-23,,,,,0,
https://korrespondent.net/search?q=support,templated_authflow,2026-08-23,,,,,0,
https://github.com/login/oauth/authorize?client_id=ptc88H5YsQICiKFS&redirect_uri=https%3A%2F%2Fexample.com%2Fcallback,templated_authflow,2026-08-23,,,,,0,
https://www.futebolcard.com/buy/sector?event=37114,commoncrawl,2026-08-23,,,,,0,
https://mouser.com/login,templated_authflow,2026-08-23,,,,,0,
https://livestream.com/password/reset?token=L5lZKT7auKPD6G5VtzSfnibfhy4joeRy,templated_authflow,2026-08-23,,,,,0,
https://pscp.tv/signin,templated_authflow,2026-08-23,,,,,0,
https://gobid.co.za/search?q=help+center,templated_authflow,2026-08-23,,,,,0,
https://amx1.net/two-factor/verify,templated_authflow,2026-08-23,,,,,0,
https://likee.video/account/settings,templated_authflow,2026-08-23,,,,,0,
https://wattsbattery.com/en/privacy-policy/,commoncrawl,2026-08-23,,,,,0,
https://login.live.com/oauth20_authorize.srf?client_id=HHSSNgBQUpEwQRPy&scope=service%3A%3Aaccount.microsoft.com&response_type=code,templated_authflow,2026-08-23,,,,,0,
https://meinbezirk.at/verify-email?token=JPRK6Ne6gTNfzSNfkcOVHArv6CXQwpbQ,templated_authflow,2026-08-23,,,,,0,
https://mercadoturbo.com.br/tag/reprocessar/,commoncrawl,2026-08-23,,,,,0,
https://login.microsoftonline.com/common/oauth2/v2.0/authorize?client_id=IsbG0SRBZ86lg6gH&response_type=code&redirect_uri=https%3A%2F%2Fexample.com%2Fcallback,templated_authflow,2026-08-23,,,,,0,
https://trezor.io/checkout/payment,templated_authflow,2026-08-23,,,,,0,
https://discover.com/verify-email?token=ijFXj9o9HyZLE6rRiSgP2U9XCV3ZnyZH,templated_authflow,2026-08-23,,,,,0,
https://app-ads-services.com/password/reset?token=3kOb9x6EP33c2JmLRi0QjApZUa89ndFG,templated_authflow,2026-08-23,,,,,0,
https://quora.com/checkout,templated_authflow,2026-08-23,,,,,0,
https://dzen.ru/signin,templated_authflow,2026-08-23,,,,,0,
https://dayunlinks.cn/search?q=support,templated_authflow,2026-08-23,,,,,0,
https://google.com.lb/signin,templated_authflow,2026-08-23,,,,,0,
https://google.com/password/reset?token=duSAyapZAgZA1itIBbCasC3OjWA56zbi,templated_authflow,2026-08-23,,,,,0,
https://echostarcdn.com/account/settings,templated_authflow,2026-08-23,,,,,0,
https://deutschlandfunk.de/signin,templated_authflow,2026-08-23,,,,,0,
https://austlii.edu.au/cart,templated_authflow,2026-08-23,,,,,0,
https://soufun.com/two-factor/verify,templated_authflow,2026-08-23,,,,,0,
https://queniuiq.com/cart,templated_authflow,2026-08-23,,,,,0,
https://dnssmarthost.net/cart,templated_authflow,2026-08-23,,,,,0,
https://larazon.es/dashboard,templated_authflow,2026-08-23,,,,,0,
https://sybo.net/orders/confirmation?order_id=965373,templated_authflow,2026-08-23,,,,,0,
https://uzh.ch/search?q=support,templated_authflow,2026-08-23,,,,,0,
https://thunderstore.io/account/login,templated_authflow,2026-08-23,,,,,0,
https://mypresspage.com/llms-full.txt,commoncrawl,2026-08-23,,,,,0,
https://natomanga.com/cart,templated_authflow,2026-08-23,,,,,0,
https://cdnstream1.com/dashboard,templated_authflow,2026-08-23,,,,,0,
https://usbank.com/dashboard,templated_authflow,2026-08-23,,,,,0,
https://bakecaincontrii.com/search?q=order+status,templated_authflow,2026-08-23,,,,,0,
https://mcmaster.ca/checkout,templated_authflow,2026-08-23,,,,,0,
https://dns.br/two-factor/verify,templated_authflow,2026-08-23,,,,,0,
https://afip.gob.ar/dashboard,templated_authflow,2026-08-23,,,,,0,
https://slate.com/checkout,templated_authflow,2026-08-23,,,,,0,
https://postrelease.com/verify-email?token=XXSwmOBucfx5oPhES2MdhQNqhsRWZJ76,templated_authflow,2026-08-23,,,,,0,
https://getmyfb.com/de/facebook-to-mp4,commoncrawl,2026-08-23,,,,,0,
https://serverbid.com/account/login,templated_authflow,2026-08-23,,,,,0,
https://ggpluso.com/cart,templated_authflow,2026-08-23,,,,,0,
https://admon.pro/orders/confirmation?order_id=212918,templated_authflow,2026-08-23,,,,,0,
https://auth.services.adobe.com/en_US/index.html?callback=https%3A%2F%2Fadobe.com%2Fcallback&client_id=rlswAbCutOcMhwUc,templated_authflow,2026-08-23,,,,,0,
https://go-vip.net/password/reset?token=3kL7E97U6JtyJ4Ntn5wVDnLKODUNnRUW,templated_authflow,2026-08-23,,,,,0,
https://login.microsoftonline.com/common/oauth2/v2.0/authorize?client_id=TZYeKgZ3IlxumDhq&response_type=code&redirect_uri=https%3A%2F%2Fexample.com%2Fcallback,templated_authflow,2026-08-23,,,,,0,
https://procore.com/signin,templated_authflow,2026-08-23,,,,,0,
https://geekwire.com/search?q=help+center,templated_authflow,2026-08-23,,,,,0,
https://bluedart.com/checkout,templated_authflow,2026-08-23,,,,,0,
https://otzovik.com/checkout/payment,templated_authflow,2026-08-23,,,,,0,
https://google.com.hk/orders/confirmation?order_id=669811,templated_authflow,2026-08-23,,,,,0,
https://friv.com/account/security,templated_authflow,2026-08-23,,,,,0,
https://axc.nl/account/login,templated_authflow,2026-08-23,,,,,0,
https://7mmtv.sx/account/login,templated_authflow,2026-08-23,,,,,0,
https://bt.com.ve/search?q=invoice,templated_authflow,2026-08-23,,,,,0,
https://worldometers.info/verify-email?token=9CL36NVzzuTSSsz98De0k1ZqwGJMYAEq,templated_authflow,2026-08-23,,,,,0,
https://hsbc.com/account/login,templated_authflow,2026-08-23,,,,,0,
https://illinois.edu/two-factor/verify,templated_authflow,2026-08-23,,,,,0,
https://beincrypto.com/password/reset?token=BRVeg7gG0djGLvDEJD58EK1bHmLMewmQ,templated_authflow,2026-08-23,,,,,0,
https://www.niph.go.jp/department/,commoncrawl,2026-08-23,,,,,0,
https://pscp.tv/search?q=order+status,templated_authflow,2026-08-23,,,,,0,
https://chop.edu/account/login,templated_authflow,2026-08-23,,,,,0,
https://soufun.com/account/login,templated_authflow,2026-08-23,,,,,0,
https://shad.ir/search?q=order+status,templated_authflow,2026-08-23,,,,,0,
https://insurads.com/two-factor/verify,templated_authflow,2026-08-23,,,,,0,
https://ajax.systems/signin,templated_authflow,2026-08-23,,,,,0,
https://pocketcasts.com/checkout,templated_authflow,2026-08-23,,,,,0,
https://huaweicloudwaf.com/account/settings,templated_authflow,2026-08-23,,,,,0,
https://360.cn/signin,templated_authflow,2026-08-23,,,,,0,
https://crossthegame.com/login,templated_authflow,2026-08-23,,,,,0,
https://mossru.com/cart,templated_authflow,2026-08-23,,,,,0,
https://wac-dc-msedge.net/account/login,templated_authflow,2026-08-23,,,,,0,
https://bmj.com/signin,templated_authflow,2026-08-23,,,,,0,
https://porndr.com/login,templated_authflow,2026-08-23,,,,,0,
https://illinois.edu/cart,templated_authflow,2026-08-23,,,,,0,
https://facebook.com/cart,templated_authflow,2026-08-23,,,,,0,
https://scssoft.com/two-factor/verify,templated_authflow,2026-08-23,,,,,0,
https://capcutapi.com/search?q=support,templated_authflow,2026-08-23,,,,,0,
https://id5-sync.com/dashboard,templated_authflow,2026-08-23,,,,,0,
https://vmware.com/orders/confirmation?order_id=481129,templated_authflow,2026-08-23,,,,,0,
https://audible.de/two-factor/verify,templated_authflow,2026-08-23,,,,,0,
https://e5tarle.org/2ai-video-generator,commoncrawl,2026-08-23,,,,,0,
https://fetlife.com/verify-email?token=3hIn34JYP2rrUElxevpEVADx9VxC2i8k,templated_authflow,2026-08-23,,,,,0,
https://fsiblogx.com/orders/confirmation?order_id=323059,templated_authflow,2026-08-23,,,,,0,
https://cdnvideo.ru/password/reset?token=gtNegkN8kvqeWwylpSfej22CI1gEYyIO,templated_authflow,2026-08-23,,,,,0,
https://xnxx-arabic.com/dashboard,templated_authflow,2026-08-23,,,,,0,
https://zg-api.com/login,templated_authflow,2026-08-23,,,,,0,
https://api.twitter.com/oauth/authorize?oauth_token=8kVoRTYvFhuU1ZxJ7zHQ0zoKwVASWgoO,templated_authflow,2026-08-23,,,,,0,
https://tiktokglobalshopv.com/checkout,templated_authflow,2026-08-23,,,,,0,
https://ncert.nic.in/signin,templated_authflow,2026-08-23,,,,,0,
https://blackus-triton.com/cart,templated_authflow,2026-08-23,,,,,0,
https://redditmedia.com/checkout,templated_authflow,2026-08-23,,,,,0,
https://allegro.pl/orders/confirmation?order_id=969074,templated_authflow,2026-08-23,,,,,0,
https://rbxinfra.net/checkout/payment,templated_authflow,2026-08-23,,,,,0,
https://kinescope.io/checkout,templated_authflow,2026-08-23,,,,,0,
https://sofifa.com/verify-email?token=GSGcelG9I0sw0Lb2VJy3b9ZPt9mateMK,templated_authflow,2026-08-23,,,,,0,
https://www.paypal.com/connect?flowEntry=static&client_id=L6Wxcbmmslo4qUlv,templated_authflow,2026-08-23,,,,,0,
https://cdnvideo.ru/signin,templated_authflow,2026-08-23,,,,,0,
https://skynet.be/checkout/payment,templated_authflow,2026-08-23,,,,,0,
https://rappler.com/orders/confirmation?order_id=650446,templated_authflow,2026-08-23,,,,,0,
https://www.99freelas.com.br/freelancers?categoria=fotografia-e-audiovisual&sub-categorias=video-edicao-e-producao,commoncrawl,2026-08-23,,,,,0,
https://uwa.edu.au/dashboard,templated_authflow,2026-08-23,,,,,0,
https://irs.gov/search?q=help+center,templated_authflow,2026-08-23,,,,,0,
https://afraid.org/account/security,templated_authflow,2026-08-23,,,,,0,
https://sportnginserver.com/dashboard,templated_authflow,2026-08-23,,,,,0,
https://www.moebel-und-garten.de/Arbeitszimmer/Regale/Buecherregale,commoncrawl,2026-08-23,,,,,0,
https://spcsdns.net/cart,templated_authflow,2026-08-23,,,,,0,
https://engageforce.net/checkout/payment,templated_authflow,2026-08-23,,,,,0,
https://serverbid.com/verify-email?token=jkwl2DCyHwDvxSB1X4stjLlFFvbfMnjZ,templated_authflow,2026-08-23,,,,,0,
https://www.postcode-lotterie.de/anmelden?mac=1448&gad_source=1&gad_campaignid=22113072953&gbraid=0AAAAADRSmwIyyt5-qbg-rmcK5xTwzwZVi&gclid=Cj0KCQjwlrvBBhDnARIsAHEQgOSRklHnWJsP63tx7UI_RRm6YNDbXqJ-oLC8h5UM6TL73z4e8i6mns8aAh6xEALw_wcB,commoncrawl,2026-08-23,,,,,0,
https://my.gov.au/account/login,templated_authflow,2026-08-23,,,,,0,
https://helpguide.org/cart,templated_authflow,2026-08-23,,,,,0,
https://cdn-cookieyes.com/login,templated_authflow,2026-08-23,,,,,0,
https://pxltag.com/two-factor/verify,templated_authflow,2026-08-23,,,,,0,
https://phpbb.com/search?q=invoice,templated_authflow,2026-08-23,,,,,0,
https://xendesktop.net/account/login,templated_authflow,2026-08-23,,,,,0,
https://awsdns-20.co.uk/cart,templated_authflow,2026-08-23,,,,,0,
https://pissvids.com/best-videos/2013/05,commoncrawl,2026-08-23,,,,,0,
https://boomplay.com/login,templated_authflow,2026-08-23,,,,,0,
https://www.lectra.com/en,commoncrawl,2026-08-23,,,,,0,
https://login.microsoftonline.com/common/oauth2/v2.0/authorize?client_id=YvK2g5H6con53S4K&response_type=code&redirect_uri=https%3A%2F%2Fexample.com%2Fcallback,templated_authflow,2026-08-23,,,,,0,
https://crossthegame.com/account/login,templated_authflow,2026-08-23,,,,,0,
https://googletagservices.com/cart,templated_authflow,2026-08-23,,,,,0,
https://fireoscaptiveportal.com/verify-email?token=S4ts81tj7WGFQxdLIPyGQnrkrzNgpupt,templated_authflow,2026-08-23,,,,,0,
https://dnssmarthost.net/account/settings,templated_authflow,2026-08-23,,,,,0,
https://opengroup.org/orders/confirmation?order_id=914797,templated_authflow,2026-08-23,,,,,0,
https://login.microsoftonline.com/common/login?response_type=code&client_id=15qV1Sfsbydk2KX9,templated_authflow,2026-08-23,,,,,0,
https://filedownload-csw-lenovo.com/cart,templated_authflow,2026-08-23,,,,,0,
https://soufun.com/signin,templated_authflow,2026-08-23,,,,,0,
https://ebay.com/two-factor/verify,templated_authflow,2026-08-23,,,,,0,
https://rawgit.com/cart,templated_authflow,2026-08-23,,,,,0,
https://id5-sync.com/verify-email?token=zY0feOrndFXpR2ZklxNjx01pooJ3KUAi,templated_authflow,2026-08-23,,,,,0,
https://superporn.com/account/settings,templated_authflow,2026-08-23,,,,,0,
https://xx1t.com/search?q=help+center,templated_authflow,2026-08-23,,,,,0,
https://cfdata.org/checkout/payment,templated_authflow,2026-08-23,,,,,0,
https://nt.gov.au/signin,templated_authflow,2026-08-23,,,,,0,
https://vwg-connect.com/account/login,templated_authflow,2026-08-23,,,,,0,
https://kpn.net/verify-email?token=K0N4OthuJRlyAg240EheMsdOIqFbDmuJ,templated_authflow,2026-08-23,,,,,0,
https://accounts.google.com/o/oauth2/v2/auth?client_id=vfLQj6wt9PSQziMT&redirect_uri=https%3A%2F%2Fexample.com%2Fcallback&response_type=code&scope=email,templated_authflow,2026-08-23,,,,,0,
https://atlasobscura.com/login,templated_authflow,2026-08-23,,,,,0,
https://disneyadvertising.com/account/security,templated_authflow,2026-08-23,,,,,0,
https://kambicdn.com/search?q=support,templated_authflow,2026-08-23,,,,,0,
https://outlook.com/account/security,templated_authflow,2026-08-23,,,,,0,
https://crossthegame.com/cart,templated_authflow,2026-08-23,,,,,0,
https://ajax.systems/checkout/payment,templated_authflow,2026-08-23,,,,,0,
https://admon.pro/account/login,templated_authflow,2026-08-23,,,,,0,
https://att.com/signin,templated_authflow,2026-08-23,,,,,0,
https://storyly.io/login,templated_authflow,2026-08-23,,,,,0,
https://awsdns-20.co.uk/checkout/payment,templated_authflow,2026-08-23,,,,,0,
https://postrelease.com/checkout,templated_authflow,2026-08-23,,,,,0,
https://bankofamerica.com/checkout,templated_authflow,2026-08-23,,,,,0,
https://www.netflix.com/login?nextpage=https%3A%2F%2Fwww.netflix.com%2Fbrowse,templated_authflow,2026-08-23,,,,,0,
https://rbwtech.net/orders/confirmation?order_id=309480,templated_authflow,2026-08-23,,,,,0,
https://prodoctorov.ru/signin,templated_authflow,2026-08-23,,,,,0,
https://collegeboard.org/checkout,templated_authflow,2026-08-23,,,,,0,
https://mercadoturbo.com.br/tag/concorrencia/Contato,commoncrawl,2026-08-23,,,,,0,
https://apl-alexa.com/account/security,templated_authflow,2026-08-23,,,,,0,
https://flirtify.com/search?q=support,templated_authflow,2026-08-23,,,,,0,
https://coda.io/account/settings,templated_authflow,2026-08-23,,,,,0,
https://acpjournals.org/account/login,templated_authflow,2026-08-23,,,,,0,
https://truefitcorp.com/orders/confirmation?order_id=413879,templated_authflow,2026-08-23,,,,,0,
https://online-metrix.net/login,templated_authflow,2026-08-23,,,,,0,
https://www.arknets.co.jp/brand/B0075/,commoncrawl,2026-08-23,,,,,0,
https://fsu.edu/signin,templated_authflow,2026-08-23,,,,,0,
https://sparteo.com/signin,templated_authflow,2026-08-23,,,,,0,
https://accounts.google.com/signin/v2/challenge/pwd?TL=QhK8nDSqXxkMM9VThX0k9tgLb7tKR69y,templated_authflow,2026-08-23,,,,,0,
https://allegrolokalnie.pl/orders/confirmation?order_id=158277,templated_authflow,2026-08-23,,,,,0,
https://shorttv.live/account/security,templated_authflow,2026-08-23,,,,,0,
https://gizmodo.jp/account/security,templated_authflow,2026-08-23,,,,,0,
https://project-syndicate.org/signin,templated_authflow,2026-08-23,,,,,0,
https://wetransfer.com/login,templated_authflow,2026-08-23,,,,,0,
https://jup9.com/search?q=help+center,templated_authflow,2026-08-23,,,,,0,
https://portaleargo.it/verify-email?token=LsEMK87Ik8JJy8IPYtwFGTEXrlXO19WL,templated_authflow,2026-08-23,,,,,0,
https://sofifa.com/dashboard,templated_authflow,2026-08-23,,,,,0,
https://elle.fr/account/login,templated_authflow,2026-08-23,,,,,0,
https://orekou.net/checkout,templated_authflow,2026-08-23,,,,,0,
https://portaleargo.it/account/settings,templated_authflow,2026-08-23,,,,,0,
https://turkishairlines.com/account/settings,templated_authflow,2026-08-23,,,,,0,
https://ndcpp-os.com/password/reset?token=qhdl3MbBh5yKg1TIW749vnAedAFbDz3L,templated_authflow,2026-08-23,,,,,0,
https://microsoftapp.net/orders/confirmation?order_id=838514,templated_authflow,2026-08-23,,,,,0,
https://christies.com/password/reset?token=kJm5IQNCUYBaV9rSH51jEw1Nxawzrx2D,templated_authflow,2026-08-23,,,,,0,
https://whatsapp.com/dashboard,templated_authflow,2026-08-23,,,,,0,
https://r-line.ru/checkout/payment,templated_authflow,2026-08-23,,,,,0,
https://amx1.net/cart,templated_authflow,2026-08-23,,,,,0,
https://telefonica.com/account/settings,templated_authflow,2026-08-23,,,,,0,
https://gzip.org/signin,templated_authflow,2026-08-23,,,,,0,
https://adtarget.com.tr/account/settings,templated_authflow,2026-08-23,,,,,0,
https://uzh.ch/cart,templated_authflow,2026-08-23,,,,,0,
https://gem.gov.in/login,templated_authflow,2026-08-23,,,,,0,
https://labkas.com/search?q=help+center,templated_authflow,2026-08-23,,,,,0,
https://nexx360.io/verify-email?token=vqqkwRRZjg0VsMSTyEyHqhQuhW8IbHqX,templated_authflow,2026-08-23,,,,,0,
https://seznam.cz/dashboard,templated_authflow,2026-08-23,,,,,0,
https://saygames.io/signin,templated_authflow,2026-08-23,,,,,0,
https://bihar.gov.in/orders/confirmation?order_id=936060,templated_authflow,2026-08-23,,,,,0,
https://boomplay.com/password/reset?token=SQsvyoGUILEYli9wNLQsncnjbHRtcauy,templated_authflow,2026-08-23,,,,,0,
https://openstreetmap.org/login,templated_authflow,2026-08-23,,,,,0,
https://parismatch.com/account/login,templated_authflow,2026-08-23,,,,,0,
https://usbank.com/signin,templated_authflow,2026-08-23,,,,,0,
https://slate.com/two-factor/verify,templated_authflow,2026-08-23,,,,,0,
https://case-battle.red/account/security,templated_authflow,2026-08-23,,,,,0,
https://binance.com/account/login,templated_authflow,2026-08-23,,,,,0,
https://icloud.com/verify-email?token=tpGDZBEnJPtphXS7OuVZxAFBMuM6DNkK,templated_authflow,2026-08-23,,,,,0,
https://hik-partner.com/password/reset?token=ZPbIrQcVkXu4nF43XMwdjMYLHZ0B7LFk,templated_authflow,2026-08-23,,,,,0,
https://nysed.gov/cart,templated_authflow,2026-08-23,,,,,0,
https://korrespondent.net/two-factor/verify,templated_authflow,2026-08-23,,,,,0,
https://voicemod.net/checkout/payment,templated_authflow,2026-08-23,,,,,0,
https://scdn.co/orders/confirmation?order_id=441714,templated_authflow,2026-08-23,,,,,0,
https://case-battle.red/search?q=billing,templated_authflow,2026-08-23,,,,,0,
https://clck.ru/login,templated_authflow,2026-08-23,,,,,0,
https://furaffinity.net/cart,templated_authflow,2026-08-23,,,,,0,
https://elle.fr/checkout/payment,templated_authflow,2026-08-23,,,,,0,
https://peryuck.com/cart,templated_authflow,2026-08-23,,,,,0,
https://login.live.com/oauth20_authorize.srf?client_id=AP4ZkhiSUd82kgA6&scope=service%3A%3Aaccount.microsoft.com&response_type=code,templated_authflow,2026-08-23,,,,,0,
https://app-ads-services.com/dashboard,templated_authflow,2026-08-23,,,,,0,
https://appleid.apple.com/auth/authorize?client_id=V0yUuzN8VKMIHP4T&redirect_uri=https%3A%2F%2Fexample.com%2Fcallback&response_type=code,templated_authflow,2026-08-23,,,,,0,
https://espn.com/login,templated_authflow,2026-08-23,,,,,0,
https://alipayplus.com/account/settings,templated_authflow,2026-08-23,,,,,0,
https://trustburn.com/password/reset?token=ViLP4GSeoUV4Nrc6vow79DliuCZs6jmz,templated_authflow,2026-08-23,,,,,0,
https://www.draeger.com/bg_bg/career,commoncrawl,2026-08-23,,,,,0,
https://gta5-mods.com/account/login,templated_authflow,2026-08-23,,,,,0,
https://viadata.store/search?q=reset+password,templated_authflow,2026-08-23,,,,,0,
https://gbif.org/dashboard,templated_authflow,2026-08-23,,,,,0,
https://financialcontent.com/verify-email?token=VGes9HIau8NvewvAFrzti24lDmdcApzs,templated_authflow,2026-08-23,,,,,0,
"https://www.iwencai.com/regression/result-normal?qs=backtest_F10lhb&query=%E5%9B%9E%E6%B5%8B%E4%B9%B0%E5%85%A5%E8%90%A5%E4%B8%9A%E9%83%A8%E5%8C%85%E5%90%AB%E4%B8%AD%E5%9B%BD%E9%93%B6%E6%B2%B3%E8%AF%81%E5%88%B8%E8%82%A1%E4%BB%BD%E6%9C%89%E9%99%90%E5%85%AC%E5%8F%B8%E5%8C%97%E4%BA%AC%E4%B8%AD%E5%85%B3%E6%9D%91%E5%A4%A7%E8%A1%97%E8%AF%81%E5%88%B8%E8%90%A5%E4%B8%9A%E9%83%A8&startDate=20240617&endDate=20260617&daysForSaleStrategy=1,2,3,5,8,10,15,20,25,30",commoncrawl,2026-08-23,,,,,0,
https://ndcpp-os.com/account/settings,templated_authflow,2026-08-23,,,,,0,
https://frequency.stream/dashboard,templated_authflow,2026-08-23,,,,,0,
https://okdiario.com/account/login,templated_authflow,2026-08-23,,,,,0,
https://aif.ru/search?q=help+center,templated_authflow,2026-08-23,,,,,0,
https://egramswaraj.gov.in/login,templated_authflow,2026-08-23,,,,,0,
https://att.net/checkout,templated_authflow,2026-08-23,,,,,0,
https://vwg-connect.com/account/security,templated_authflow,2026-08-23,,,,,0,
https://blacktoon414.com/password/reset?token=fCEgUQRFmJwlNlyRbQvA7XhbLDt077Rj,templated_authflow,2026-08-23,,,,,0,
https://www.dropbox.com/oauth2/authorize?client_id=ChGepnuKx10RAePB&response_type=code,templated_authflow,2026-08-23,,,,,0,
https://www.facebook.com/v18.0/dialog/oauth?client_id=N0ZCNjCc70omRxjW&redirect_uri=https%3A%2F%2Fexample.com%2Fcallback,templated_authflow,2026-08-23,,,,,0,
https://www.paypal.com/connect?flowEntry=static&client_id=nosQHeDdxHaku36A,templated_authflow,2026-08-23,,,,,0,
https://alexisizza.com/two-factor/verify,templated_authflow,2026-08-23,,,,,0,
https://mojang.com/verify-email?token=0mS0EchYvD1ZEttfOA64BjhsSuUKGtRP,templated_authflow,2026-08-23,,,,,0,
https://psychologytoday.com/two-factor/verify,templated_authflow,2026-08-23,,,,,0,
https://blizzard.com/password/reset?token=2fcXiuZZrV8fIQnFDtpJ1zMFvhImIbNG,templated_authflow,2026-08-23,,,,,0,
https://quora.com/two-factor/verify,templated_authflow,2026-08-23,,,,,0,
https://officialyonogames.com/account/settings,templated_authflow,2026-08-23,,,,,0,
https://aeaweb.org/account/login,templated_authflow,2026-08-23,,,,,0,
https://appleid.apple.com/sign-in?widgetKey=PQHD8R33IjVLo7ecVjFPbE66NcpSPial,templated_authflow,2026-08-23,,,,,0,
https://fhvfd.com/account/security,templated_authflow,2026-08-23,,,,,0,
https://twitter.com/dashboard,templated_authflow,2026-08-23,,,,,0,
https://rappler.com/checkout/payment,templated_authflow,2026-08-23,,,,,0,
https://pointtown.com/account/settings,templated_authflow,2026-08-23,,,,,0,
https://www.bauexpertenforum.de/attachments/dachdecker-regelwerk-pdf.151698/,commoncrawl,2026-08-23,,,,,0,
https://colostate.edu/account/security,templated_authflow,2026-08-23,,,,,0,
https://bt.com.ve/password/reset?token=E6XNQPUL3VrW23uxXobLxjOEAgRpJa0d,templated_authflow,2026-08-23,,,,,0,
https://turkishairlines.com/checkout,templated_authflow,2026-08-23,,,,,0,
https://amx1.net/checkout/payment,templated_authflow,2026-08-23,,,,,0,
https://refiner.io/account/security,templated_authflow,2026-08-23,,,,,0,
https://corel.com/two-factor/verify,templated_authflow,2026-08-23,,,,,0,
https://gosexpod.com/login,templated_authflow,2026-08-23,,,,,0,
https://gizmodo.jp/login,templated_authflow,2026-08-23,,,,,0,
https://fsiblogx.com/search?q=invoice,templated_authflow,2026-08-23,,,,,0,
https://compuserve.com/account/security,templated_authflow,2026-08-23,,,,,0,
https://gazetaprawna.pl/login,templated_authflow,2026-08-23,,,,,0,
https://ucloud.cn/verify-email?token=OGAJhu7NgxADtPWbOFS0LqKgCPS4NSbB,templated_authflow,2026-08-23,,,,,0,
https://dropbox.com/two-factor/verify,templated_authflow,2026-08-23,,,,,0,
https://parool.nl/checkout/payment,templated_authflow,2026-08-23,,,,,0,
https://openssp.ru/two-factor/verify,templated_authflow,2026-08-23,,,,,0,
https://amis.net/verify-email?token=jglSDY1UPuDOWqVnX1gbdSa2kIH4ovVs,templated_authflow,2026-08-23,,,,,0,
http://modelmayhem.com/1395816,commoncrawl,2026-08-23,,,,,0,
https://haecdn.com/two-factor/verify,templated_authflow,2026-08-23,,,,,0,
https://outlook.com/saml/sso?SAMLRequest=ntR0kSGSN32GWEzbV2uZOu2b2QOtKii1&RelayState=vRMZ0cyEWnKA,templated_authflow,2026-08-23,,,,,0,
https://nz.ua/checkout,templated_authflow,2026-08-23,,,,,0,
https://outlook.com/login,templated_authflow,2026-08-23,,,,,0,
https://gem.gov.in/account/security,templated_authflow,2026-08-23,,,,,0,
https://apornvideo.com/dashboard,templated_authflow,2026-08-23,,,,,0,
https://spd-mgts.ru/dashboard,templated_authflow,2026-08-23,,,,,0,
https://auth.services.adobe.com/en_US/index.html?callback=https%3A%2F%2Fadobe.com%2Fcallback&client_id=a8QzA1QQdem0WGjU,templated_authflow,2026-08-23,,,,,0,
https://allegro.pl/checkout/payment,templated_authflow,2026-08-23,,,,,0,
https://ucsc.edu/account/settings,templated_authflow,2026-08-23,,,,,0,
https://jsbin.com/verify-email?token=C5dVIIw3VPTFbBIIGBvsS6BYFjpVleou,templated_authflow,2026-08-23,,,,,0,
https://appleid.apple.com/auth/authorize?client_id=iiaePbjU4FQBifiP&redirect_uri=https%3A%2F%2Fexample.com%2Fcallback&response_type=code,templated_authflow,2026-08-23,,,,,0,
https://login.microsoftonline.com/common/login?response_type=code&client_id=5FwWmk866ZzbooUi,templated_authflow,2026-08-23,,,,,0,
https://bbvms.com/search?q=order+status,templated_authflow,2026-08-23,,,,,0,
https://afp.ai/account/security,templated_authflow,2026-08-23,,,,,0,
https://inmyroom.ru/checkout,templated_authflow,2026-08-23,,,,,0,
https://cochranelibrary.com/checkout/payment,templated_authflow,2026-08-23,,,,,0,
https://getmyfb.com/contact,commoncrawl,2026-08-23,,,,,0,
https://free.fr/checkout/payment,templated_authflow,2026-08-23,,,,,0,
https://gulfnews.com/orders/confirmation?order_id=601463,templated_authflow,2026-08-23,,,,,0,
https://filmweb.pl/orders/confirmation?order_id=303839,templated_authflow,2026-08-23,,,,,0,
https://sc-static.net/password/reset?token=GcDHCiPf8eoPYXJtFO1dtdl0ZkFq4Nma,templated_authflow,2026-08-23,,,,,0,
https://disneyadvertising.com/checkout,templated_authflow,2026-08-23,,,,,0,
https://bradesco.com.br/checkout,templated_authflow,2026-08-23,,,,,0,
https://bluedart.com/password/reset?token=kP0OOxG6VCmtebFhVzEo97efTMDtg0YM,templated_authflow,2026-08-23,,,,,0,
https://run.app/checkout/payment,templated_authflow,2026-08-23,,,,,0,
https://superwall.com/checkout/payment,templated_authflow,2026-08-23,,,,,0,
http://www.coremetrics.com/downloads/benchmark-2009-cyber-monday.pdf,commoncrawl,2026-08-23,,,,,0,
https://spotify.dev/checkout/payment,templated_authflow,2026-08-23,,,,,0,
https://fluke.com/checkout/payment,templated_authflow,2026-08-23,,,,,0,
https://gzip.org/account/security,templated_authflow,2026-08-23,,,,,0,
https://dns.net.nz/account/login,templated_authflow,2026-08-23,,,,,0,
https://thpagency.com/cart,templated_authflow,2026-08-23,,,,,0,
https://espn.com/search?q=invoice,templated_authflow,2026-08-23,,,,,0,
https://bunshun.jp/cart,templated_authflow,2026-08-23,,,,,0,
https://uc.pt/password/reset?token=sFVeOsPMqMCrWz4KVk8p0DX1z8X89bfF,templated_authflow,2026-08-23,,,,,0,
https://worldbyte.net/dashboard,templated_authflow,2026-08-23,,,,,0,
https://fireoscaptiveportal.com/two-factor/verify,templated_authflow,2026-08-23,,,,,0,
https://jup9.com/signin,templated_authflow,2026-08-23,,,,,0,
https://prodoctorov.ru/account/login,templated_authflow,2026-08-23,,,,,0,
https://hotattract.com,tranco,2026-07-22,,,,,0,987232.0
https://animesss.tv,tranco,2026-07-22,,,,,0,79955.0
https://divinedirectory.com,tranco,2026-07-22,,,,,0,567131.0
https://qalan.kz,tranco,2026-07-22,,,,,0,500892.0
https://astutebot.com,tranco,2026-07-22,,,,,0,55400.0
https://transix.jp,tranco,2026-07-22,,,,,0,135050.0
https://quiksilver.com.ar,tranco,2026-07-22,,,,,0,733379.0
https://hillbilly-music.com,tranco,2026-07-22,,,,,0,732058.0
https://msocdn.us,tranco,2026-07-22,,,,,0,51334.0
https://hubglobalblog.uk,tranco,2026-07-22,,,,,0,731480.0
https://csidefd.com,tranco,2026-07-22,,,,,0,399759.0
https://nikee.net,tranco,2026-07-22,,,,,0,401398.0
https://echoherald.com,tranco,2026-07-22,,,,,0,855486.0
https://tonaly.ru,tranco,2026-07-22,,,,,0,858885.0
https://modinsider.co.uk,tranco,2026-07-22,,,,,0,503248.0
https://pin-up-kazakhstan-media.kz,tranco,2026-07-22,,,,,0,864742.0
https://sovrn.co,tranco,2026-07-22,,,,,0,35033.0
https://cityofelgin.org,tranco,2026-07-22,,,,,0,995704.0
https://inkotel.ru,tranco,2026-07-22,,,,,0,376762.0
https://ozo-electric.com,tranco,2026-07-22,,,,,0,811354.0
https://baby2baby.org,tranco,2026-07-22,,,,,0,577746.0
https://lowerbuckstimes.com,tranco,2026-07-22,,,,,0,659807.0
https://hzyul.com,tranco,2026-07-22,,,,,0,219340.0
https://vavada-faf.top,tranco,2026-07-22,,,,,0,979756.0
https://diaojue.com,tranco,2026-07-22,,,,,0,625692.0
https://mirinfosys.com,tranco,2026-07-22,,,,,0,215340.0
https://bont.com,tranco,2026-07-22,,,,,0,443418.0
https://boyuenergy.com.cn,tranco,2026-07-22,,,,,0,980329.0
https://clearclubplatform.nl,tranco,2026-07-22,,,,,0,336984.0
https://apbugall.org,tranco,2026-07-22,,,,,0,518813.0
https://hyperslice.net,tranco,2026-07-22,,,,,0,943379.0
https://www.gob.mx,tranco,2026-07-22,,,,,0,2086.0
https://seocycle.co.jp,tranco,2026-07-22,,,,,0,663616.0
https://pravo-pro.ru,tranco,2026-07-22,,,,,0,677815.0
https://muktaa2cinemas.com,tranco,2026-07-22,,,,,0,957738.0
https://loginla.com,tranco,2026-07-22,,,,,0,543083.0
https://idloom.com,tranco,2026-07-22,,,,,0,529928.0
https://expreso.com.pe,tranco,2026-07-22,,,,,0,66337.0
https://vandemoortele.com,tranco,2026-07-22,,,,,0,272967.0
https://royalculturemag.co.uk,tranco,2026-07-22,,,,,0,876376.0
https://essorusa.com,tranco,2026-07-22,,,,,0,443182.0
https://timeedit.net,tranco,2026-07-22,,,,,0,38748.0
https://levix.nl,tranco,2026-07-22,,,,,0,244519.0
https://free7.casino,tranco,2026-07-22,,,,,0,321942.0
https://ripndip.com,tranco,2026-07-22,,,,,0,212424.0
https://prayerhub.org,tranco,2026-07-22,,,,,0,684488.0
https://franciszkanie.pl,tranco,2026-07-22,,,,,0,460022.0
https://dotnews.com,tranco,2026-07-22,,,,,0,330798.0
https://romagcooking.ro,tranco,2026-07-22,,,,,0,820288.0
https://lessolos.com,tranco,2026-07-22,,,,,0,934969.0
https://burankazino.com,tranco,2026-07-22,,,,,0,878903.0
https://kcg.ac.jp,tranco,2026-07-22,,,,,0,507015.0
https://agefiph.fr,tranco,2026-07-22,,,,,0,63469.0
https://happypuppy.com,tranco,2026-07-22,,,,,0,568671.0
https://gamerdna.com,tranco,2026-07-22,,,,,0,855772.0
https://8855bet9.com,tranco,2026-07-22,,,,,0,606373.0
https://ijhpm.com,tranco,2026-07-22,,,,,0,358901.0
https://longotoyota.com,tranco,2026-07-22,,,,,0,178393.0
https://vgboxart.com,tranco,2026-07-22,,,,,0,921915.0
https://bashgaz.ru,tranco,2026-07-22,,,,,0,348366.0
https://bera.ac.uk,tranco,2026-07-22,,,,,0,377483.0
https://leagueapps.com,tranco,2026-07-22,,,,,0,44793.0
https://missnori.com,tranco,2026-07-22,,,,,0,690928.0
https://todayshomeowner.com,tranco,2026-07-22,,,,,0,50314.0
https://gamescenter.pe,tranco,2026-07-22,,,,,0,780882.0
https://hse.de,tranco,2026-07-22,,,,,0,18959.0
https://mrcn88.site,tranco,2026-07-22,,,,,0,804704.0
https://kmart.com.au,tranco,2026-07-22,,,,,0,8986.0
https://welcomeitalia.it,tranco,2026-07-22,,,,,0,99902.0
https://carefertility.com,tranco,2026-07-22,,,,,0,655319.0
https://growveg.com,tranco,2026-07-22,,,,,0,224929.0
https://fmdqgroup.com,tranco,2026-07-22,,,,,0,926626.0
https://veiliginternetten.nl,tranco,2026-07-22,,,,,0,67899.0
https://tjpa.jus.br,tranco,2026-07-22,,,,,0,68879.0
https://kraeved-samara.ru,tranco,2026-07-22,,,,,0,904485.0
https://tiendamacro.com.ar,tranco,2026-07-22,,,,,0,244300.0
https://mediagraming.com,tranco,2026-07-22,,,,,0,912238.0
https://mockmaster.ai,tranco,2026-07-22,,,,,0,803685.0
https://grandslotspace.com,tranco,2026-07-22,,,,,0,444937.0
https://landpride.com,tranco,2026-07-22,,,,,0,895959.0
https://usmcveterans.org,tranco,2026-07-22,,,,,0,858829.0
https://ubisunt.se,tranco,2026-07-22,,,,,0,575348.0
https://ranobe-novels.ru,tranco,2026-07-22,,,,,0,464017.0
https://undressbaby.com,tranco,2026-07-22,,,,,0,196830.0
https://moetiknaardedokter.nl,tranco,2026-07-22,,,,,0,309024.0
https://ultimea.com,tranco,2026-07-22,,,,,0,347382.0
https://charlie-wiki.win,tranco,2026-07-22,,,,,0,310805.0
https://vetement-femmes.com,tranco,2026-07-22,,,,,0,837524.0
https://roseman.edu,tranco,2026-07-22,,,,,0,268241.0
https://yabloki.ua,tranco,2026-07-22,,,,,0,366138.0
https://thebeautifuldecay.com,tranco,2026-07-22,,,,,0,449597.0
https://esvarbl.com,tranco,2026-07-22,,,,,0,586918.0
https://cyberdefenseawards.com,tranco,2026-07-22,,,,,0,980754.0
https://nationalmap.gov,tranco,2026-07-22,,,,,0,51663.0
https://pebhmong.com,tranco,2026-07-22,,,,,0,892874.0
https://hkdnr.hk,tranco,2026-07-22,,,,,0,576799.0
https://hkdot.com,tranco,2026-07-22,,,,,0,480867.0
https://hrcc.link,tranco,2026-07-22,,,,,0,550671.0
https://monet.com.co,tranco,2026-07-22,,,,,0,584292.0
https://globalproductions.ee,tranco,2026-07-22,,,,,0,362132.0
https://rotero.vc,tranco,2026-07-22,,,,,0,33320.0
https://natura-avon.com.ar,tranco,2026-07-22,,,,,0,215538.0
https://foruftuiov.com,tranco,2026-07-22,,,,,0,126315.0
https://tracom.net,tranco,2026-07-22,,,,,0,460374.0
https://caselogic.com,tranco,2026-07-22,,,,,0,489380.0
https://hggslb.com,tranco,2026-07-22,,,,,0,63225.0
https://zagrospoosh.com,tranco,2026-07-22,,,,,0,965340.0
https://francislawcenter.com,tranco,2026-07-22,,,,,0,779636.0
https://sparkasse-bayreuth.de,tranco,2026-07-22,,,,,0,695826.0
https://draway.com,tranco,2026-07-22,,,,,0,561881.0
https://pulsus.com,tranco,2026-07-22,,,,,0,279995.0
https://joinajax.com,tranco,2026-07-22,,,,,0,876145.0
https://jezigielka.pl,tranco,2026-07-22,,,,,0,571750.0
https://8nmn8evc.com,tranco,2026-07-22,,,,,0,435459.0
https://woyecailan.com,tranco,2026-07-22,,,,,0,256148.0
https://boldclubworld.com,tranco,2026-07-22,,,,,0,527944.0
https://dmarc-dns.com,tranco,2026-07-22,,,,,0,330302.0
https://96in.com,tranco,2026-07-22,,,,,0,872560.0
https://zjcia.com.cn,tranco,2026-07-22,,,,,0,69255.0
https://gra.gov.sg,tranco,2026-07-22,,,,,0,678876.0
https://sucai58.com,tranco,2026-07-22,,,,,0,275406.0
https://webdirectory.com,tranco,2026-07-22,,,,,0,943252.0
https://coloup.com,tranco,2026-07-22,,,,,0,587306.0
https://pogona.systems,tranco,2026-07-22,,,,,0,889146.0
https://joehoft.com,tranco,2026-07-22,,,,,0,379067.0
https://secondary-dns.co.uk,tranco,2026-07-22,,,,,0,115772.0
https://qqkuaidi.com,tranco,2026-07-22,,,,,0,517432.0
https://nenser.xyz,tranco,2026-07-22,,,,,0,265974.0
https://amphost.ca,tranco,2026-07-22,,,,,0,675595.0
https://thelchat.net,tranco,2026-07-22,,,,,0,400808.0
https://goarmy.co.uk,tranco,2026-07-22,,,,,0,565511.0
https://dhrest.com,tranco,2026-07-22,,,,,0,100076.0
https://registryservices.music,tranco,2026-07-22,,,,,0,701083.0
https://convead.io,tranco,2026-07-22,,,,,0,103661.0
https://kopglobal.com,tranco,2026-07-22,,,,,0,172272.0
https://silverslotonline.nl,tranco,2026-07-22,,,,,0,331228.0
https://sesofoods.com,tranco,2026-07-22,,,,,0,259150.0
https://soallure.it,tranco,2026-07-22,,,,,0,938627.0
https://15win.com,tranco,2026-07-22,,,,,0,606358.0
https://xlinnovate-axa.com,tranco,2026-07-22,,,,,0,990307.0
https://taghouse.in,tranco,2026-07-22,,,,,0,829830.0
https://bergencountynj.gov,tranco,2026-07-22,,,,,0,875278.0
https://plnkr.co,tranco,2026-07-22,,,,,0,256730.0
https://dsu.edu.pk,tranco,2026-07-22,,,,,0,246896.0
https://netnanny.com,tranco,2026-07-22,,,,,0,40811.0
https://liveporn.tv,tranco,2026-07-22,,,,,0,314675.0
https://doradobet.com,tranco,2026-07-22,,,,,0,20474.0
https://skeqi.com,tranco,2026-07-22,,,,,0,525061.0
https://teamaag.com,tranco,2026-07-22,,,,,0,582947.0
https://iadpa.org,tranco,2026-07-22,,,,,0,881795.0
https://bcinthecloud.com,tranco,2026-07-22,,,,,0,974159.0
https://pioneernet.net,tranco,2026-07-22,,,,,0,422759.0
https://interlake.net,tranco,2026-07-22,,,,,0,673533.0
https://solutionssar.com,tranco,2026-07-22,,,,,0,826661.0
https://intelsite.com.br,tranco,2026-07-22,,,,,0,733811.0
https://ven-door.com,tranco,2026-07-22,,,,,0,837316.0
https://dosoogle.com,tranco,2026-07-22,,,,,0,570267.0
https://sabah.com.tr,tranco,2026-07-22,,,,,0,6299.0
https://mundoschnauzer.com,tranco,2026-07-22,,,,,0,996136.0
https://gujaratilexicon.com,tranco,2026-07-22,,,,,0,711525.0
https://phh12dream.com,tranco,2026-07-22,,,,,0,959376.0
https://sterlingdirect.com,tranco,2026-07-22,,,,,0,55071.0
https://stripe-club.com,tranco,2026-07-22,,,,,0,21220.0
https://themintcompany.com,tranco,2026-07-22,,,,,0,430194.0
https://stuckonyou.zone,tranco,2026-07-22,,,,,0,992620.0
https://smemall.cn,tranco,2026-07-22,,,,,0,123552.0
https://thermalcare.com,tranco,2026-07-22,,,,,0,432317.0
https://singaporebikes.com,tranco,2026-07-22,,,,,0,274637.0
https://bobbibrowncosmetics.com,tranco,2026-07-22,,,,,0,115139.0
https://dynamiclucky360.com,tranco,2026-07-22,,,,,0,431447.0
https://wbjeeb.nic.in,tranco,2026-07-22,,,,,0,92661.0
https://littlegreenlight.com,tranco,2026-07-22,,,,,0,450103.0
https://portbay.trade,tranco,2026-07-22,,,,,0,348667.0
https://vipleiloes.com.br,tranco,2026-07-22,,,,,0,344475.0
https://timewellscheduled.com,tranco,2026-07-22,,,,,0,483616.0
https://nameserverbox.com,tranco,2026-07-22,,,,,0,508946.0
https://love104.club,tranco,2026-07-22,,,,,0,481189.0
https://icancycling.com,tranco,2026-07-22,,,,,0,441452.0
https://rafihautogroup.com,tranco,2026-07-22,,,,,0,531788.0
https://drahmedelezaby.com,tranco,2026-07-22,,,,,0,556419.0
https://simple-roleplay.fr,tranco,2026-07-22,,,,,0,973424.0
https://sportus.com,tranco,2026-07-22,,,,,0,386543.0
https://awsdns-cn-29.biz,tranco,2026-07-22,,,,,0,25769.0
https://weightworld.de,tranco,2026-07-22,,,,,0,470129.0
https://m-jardin.fr,tranco,2026-07-22,,,,,0,931865.0
https://flowers4honduras.com,tranco,2026-07-22,,,,,0,488470.0
https://lindberg.com,tranco,2026-07-22,,,,,0,200615.0
https://lizaro3.com,tranco,2026-07-22,,,,,0,694207.0
https://hjcm168.com,tranco,2026-07-22,,,,,0,969440.0
https://millennium.education,tranco,2026-07-22,,,,,0,802842.0
https://uksw.edu.pl,tranco,2026-07-22,,,,,0,98606.0
https://hillwoodsacademy.in,tranco,2026-07-22,,,,,0,303098.0
https://center.shiroi.chiba.jp,tranco,2026-07-22,,,,,0,765404.0
https://battlespring.co.uk,tranco,2026-07-22,,,,,0,727933.0
https://tsito.com,tranco,2026-07-22,,,,,0,519049.0
https://alivinghome.com,tranco,2026-07-22,,,,,0,538357.0
https://wegotdicks.com,tranco,2026-07-22,,,,,0,442080.0
https://lorfil.lol,tranco,2026-07-22,,,,,0,421034.0
https://dcshoes.cl,tranco,2026-07-22,,,,,0,185499.0
https://onejav.com,tranco,2026-07-22,,,,,0,62037.0
https://difesa.it,tranco,2026-07-22,,,,,0,26707.0
https://stackcommerce.com,tranco,2026-07-22,,,,,0,178229.0
https://sparq.com.tw,tranco,2026-07-22,,,,,0,265705.0
https://torrentz2.nz,tranco,2026-07-22,,,,,0,198494.0
https://techcave.pl,tranco,2026-07-22,,,,,0,373299.0
https://ushamartinuniversity.com,tranco,2026-07-22,,,,,0,836406.0
https://btumetals.com,tranco,2026-07-22,,,,,0,160614.0
https://fws.tw,tranco,2026-07-22,,,,,0,71973.0
https://minotaur.fr,tranco,2026-07-22,,,,,0,803049.0
https://ssnblog.com,tranco,2026-07-22,,,,,0,45679.0
https://usa61movies.xyz,tranco,2026-07-22,,,,,0,599915.0
https://zee61staffs.top,tranco,2026-07-22,,,,,0,352278.0
https://vagon.io,tranco,2026-07-22,,,,,0,458904.0
https://facturadorvirtual.com,tranco,2026-07-22,,,,,0,777380.0
https://xosodt68.com,tranco,2026-07-22,,,,,0,841963.0
https://bbsmxw.vip,tranco,2026-07-22,,,,,0,488709.0
https://na-nic.com,tranco,2026-07-22,,,,,0,360636.0
https://kultur-ausschreibungen.de,tranco,2026-07-22,,,,,0,384369.0
https://quus.net,tranco,2026-07-22,,,,,0,194703.0
https://bobtv.fr,tranco,2026-07-22,,,,,0,186263.0
https://sanitysolutions.com,tranco,2026-07-22,,,,,0,743972.0
https://contaovos.com,tranco,2026-07-22,,,,,0,768295.0
https://yyd.ru,tranco,2026-07-22,,,,,0,394961.0
https://statsdrone.com,tranco,2026-07-22,,,,,0,573358.0
https://finansist-kazan.ru,tranco,2026-07-22,,,,,0,928830.0
https://folgerscoffee.com,tranco,2026-07-22,,,,,0,852652.0
https://engen.com,tranco,2026-07-22,,,,,0,736363.0
https://kalimmat.com,tranco,2026-07-22,,,,,0,723093.0
https://cuttingedgestencils.com,tranco,2026-07-22,,,,,0,496376.0
https://vsc.edu,tranco,2026-07-22,,,,,0,189081.0
https://swissotelthebosphorus.com,tranco,2026-07-22,,,,,0,829339.0
https://donately.com,tranco,2026-07-22,,,,,0,414039.0
https://earnpe.vip,tranco,2026-07-22,,,,,0,773850.0
https://policytech.com,tranco,2026-07-22,,,,,0,199528.0
https://primewagerplatform.com,tranco,2026-07-22,,,,,0,532187.0
https://cryptogroup.ca,tranco,2026-07-22,,,,,0,920814.0
https://canvasdigest.co.uk,tranco,2026-07-22,,,,,0,935026.0
https://tobaccoreviews.com,tranco,2026-07-22,,,,,0,514450.0
https://analyticscloud.cc,tranco,2026-07-22,,,,,0,941566.0
https://hostbell.com,tranco,2026-07-22,,,,,0,158993.0
https://freshlynotes.us,tranco,2026-07-22,,,,,0,995279.0
https://popify.app,tranco,2026-07-22,,,,,0,607357.0
https://lost-tv.online,tranco,2026-07-22,,,,,0,567224.0
https://rustlife.net,tranco,2026-07-22,,,,,0,924645.0
https://xtreeml.com,tranco,2026-07-22,,,,,0,120647.0
https://widgetbot.io,tranco,2026-07-22,,,,,0,98151.0
https://anagrams.app,tranco,2026-07-22,,,,,0,740316.0
https://kumbang4dbig.com,tranco,2026-07-22,,,,,0,795487.0
https://xinfin.network,tranco,2026-07-22,,,,,0,638309.0
https://yuomu.com,tranco,2026-07-22,,,,,0,859619.0
https://servconfig.com,tranco,2026-07-22,,,,,0,30321.0
https://opel-zoo.de,tranco,2026-07-22,,,,,0,622550.0
https://likr.tw,tranco,2026-07-22,,,,,0,27964.0
https://mayday.fr,tranco,2026-07-22,,,,,0,896188.0
https://getpip.com,tranco,2026-07-22,,,,,0,528533.0
https://nic.study,tranco,2026-07-22,,,,,0,91198.0
https://blokeshealth.com.au,tranco,2026-07-22,,,,,0,644428.0
https://coolkata.biz,tranco,2026-07-22,,,,,0,361513.0
https://sabong67.lv,tranco,2026-07-22,,,,,0,705986.0
https://ontariohockeyleague.com,tranco,2026-07-22,,,,,0,735053.0
https://mf.gov.pl,tranco,2026-07-22,,,,,0,15921.0
https://flow-cytometry.net,tranco,2026-07-22,,,,,0,871824.0
https://patchman.co,tranco,2026-07-22,,,,,0,346149.0
https://istyle.bg,tranco,2026-07-22,,,,,0,597099.0
https://dotpimproductpromotion.shop,tranco,2026-07-22,,,,,0,306874.0
https://substrakt.net,tranco,2026-07-22,,,,,0,909953.0
https://coinova.pro,tranco,2026-07-22,,,,,0,950087.0
https://baraseur.com,tranco,2026-07-22,,,,,0,759041.0
https://pu4.biz,tranco,2026-07-22,,,,,0,462526.0
https://coldiq.com,tranco,2026-07-22,,,,,0,662245.0
https://teamhardison.com,tranco,2026-07-22,,,,,0,696213.0
https://bsmu.by,tranco,2026-07-22,,,,,0,141888.0
https://backstagestage.co.uk,tranco,2026-07-22,,,,,0,604825.0
https://apav.pt,tranco,2026-07-22,,,,,0,584243.0
https://btkakademi.gov.tr,tranco,2026-07-22,,,,,0,143249.0
https://securitywholesalers.com.au,tranco,2026-07-22,,,,,0,455702.0
https://elekta.com,tranco,2026-07-22,,,,,0,122339.0
https://84.tech,tranco,2026-07-22,,,,,0,716009.0
https://schoolofartsgent.be,tranco,2026-07-22,,,,,0,653637.0
https://agsmtel.it,tranco,2026-07-22,,,,,0,358748.0
https://gist.ly,tranco,2026-07-22,,,,,0,974039.0
https://akerbp.com,tranco,2026-07-22,,,,,0,321780.0
https://m3filecdn.com,tranco,2026-07-22,,,,,0,540479.0
https://9mdn3kg23jfcom.com,tranco,2026-07-22,,,,,0,751997.0
https://heitorzinho.com,tranco,2026-07-22,,,,,0,183569.0
https://6372nvw.com,tranco,2026-07-22,,,,,0,749754.0
https://rosengarten-tierbestattung.de,tranco,2026-07-22,,,,,0,568229.0
https://nic.rodeo,tranco,2026-07-22,,,,,0,119620.0
https://appsad.cn,tranco,2026-07-22,,,,,0,861635.0
https://fytika.com,tranco,2026-07-22,,,,,0,780382.0
https://telepisodes.org,tranco,2026-07-22,,,,,0,252027.0
https://xneelo.co.za,tranco,2026-07-22,,,,,0,394958.0
https://javroot.com,tranco,2026-07-22,,,,,0,542973.0
https://tattydevine.com,tranco,2026-07-22,,,,,0,648862.0
https://honestlywtf.com,tranco,2026-07-22,,,,,0,298013.0
https://advanceplumbing.com,tranco,2026-07-22,,,,,0,285676.0
https://semarak3.homes,tranco,2026-07-22,,,,,0,961339.0
https://mypcs.com,tranco,2026-07-22,,,,,0,432372.0
https://elvie.com,tranco,2026-07-22,,,,,0,307799.0
https://cite.com.my,tranco,2026-07-22,,,,,0,373281.0
https://bva-auctions.com,tranco,2026-07-22,,,,,0,648369.0
https://wiza.co,tranco,2026-07-22,,,,,0,49624.0
https://solidrdns.com,tranco,2026-07-22,,,,,0,330567.0
https://rounderbum.com.mx,tranco,2026-07-22,,,,,0,580404.0
https://coinhako.com,tranco,2026-07-22,,,,,0,148485.0
https://answersgame.com,tranco,2026-07-22,,,,,0,696240.0
https://1xbet-jqxs.top,tranco,2026-07-22,,,,,0,489114.0
https://xiaomiajaib.xyz,tranco,2026-07-22,,,,,0,964939.0
https://fotora.ru,tranco,2026-07-22,,,,,0,352952.0
https://fycargo.com,tranco,2026-07-22,,,,,0,214218.0
https://xcottons.com,tranco,2026-07-22,,,,,0,43275.0
https://br345a.com,tranco,2026-07-22,,,,,0,762640.0
https://vintageromance.ca,tranco,2026-07-22,,,,,0,480990.0
https://rajavd.online,tranco,2026-07-22,,,,,0,125146.0
https://navigatiiandroid.ro,tranco,2026-07-22,,,,,0,655617.0
https://gerrymcgovern.com,tranco,2026-07-22,,,,,0,522841.0
https://thesearemystamps.com,tranco,2026-07-22,,,,,0,696591.0
https://clement.ca,tranco,2026-07-22,,,,,0,113388.0
https://501c3.org,tranco,2026-07-22,,,,,0,590300.0
https://azleisd.net,tranco,2026-07-22,,,,,0,696608.0
https://fights.cz,tranco,2026-07-22,,,,,0,592288.0
https://khsm8.nl,tranco,2026-07-22,,,,,0,340742.0
https://betbus.mx,tranco,2026-07-22,,,,,0,184781.0
https://heatherburrisphotography.com,tranco,2026-07-22,,,,,0,723571.0
https://icmr.ru,tranco,2026-07-22,,,,,0,698253.0
https://belacantoto.top,tranco,2026-07-22,,,,,0,948561.0
https://schoolofsquirt.com,tranco,2026-07-22,,,,,0,487425.0
https://bekia.es,tranco,2026-07-22,,,,,0,326076.0
https://firstbenefithelp.com,tranco,2026-07-22,,,,,0,778660.0
https://gh.com.br,tranco,2026-07-22,,,,,0,661040.0
https://djus12.com,tranco,2026-07-22,,,,,0,684661.0
https://ksmobile.com,tranco,2026-07-22,,,,,0,13374.0
https://visitcompletecare.com,tranco,2026-07-22,,,,,0,995316.0
https://hake.net.cn,tranco,2026-07-22,,,,,0,259362.0
https://sterling-insurance.co.uk,tranco,2026-07-22,,,,,0,737971.0
https://proctofor.ru,tranco,2026-07-22,,,,,0,708092.0
https://pinupcasino12.com,tranco,2026-07-22,,,,,0,490878.0
https://takeshape.io,tranco,2026-07-22,,,,,0,466440.0
https://leczymyuzaleznienia.pl,tranco,2026-07-22,,,,,0,944952.0
https://milosbetci.vip,tranco,2026-07-22,,,,,0,719757.0
https://pornocdn.info,tranco,2026-07-22,,,,,0,134217.0
https://protrack365.com,tranco,2026-07-22,,,,,0,145155.0
https://klaudynahebda.pl,tranco,2026-07-22,,,,,0,527357.0
https://sparkasse-co-lif.de,tranco,2026-07-22,,,,,0,652556.0
https://kaffek.nl,tranco,2026-07-22,,,,,0,792578.0
https://ambsaud.com,tranco,2026-07-22,,,,,0,965855.0
https://tpsig.org,tranco,2026-07-22,,,,,0,304683.0
https://hostingkarachi.com,tranco,2026-07-22,,,,,0,902073.0
https://bytenesttech.com,tranco,2026-07-22,,,,,0,602845.0
https://pijafka.pl,tranco,2026-07-22,,,,,0,813897.0
https://bahnforum.ch,tranco,2026-07-22,,,,,0,728236.0
https://mntre.com,tranco,2026-07-22,,,,,0,630162.0
https://ishop.gt,tranco,2026-07-22,,,,,0,789556.0
https://boma.gov.mw,tranco,2026-07-22,,,,,0,762142.0
https://santu.com,tranco,2026-07-22,,,,,0,602328.0
https://fondationshoah.org,tranco,2026-07-22,,,,,0,858788.0
https://sadpos.ru,tranco,2026-07-22,,,,,0,385484.0
https://anotherreadthrough.com,tranco,2026-07-22,,,,,0,474812.0
https://chelfordfarmsupplies.co.uk,tranco,2026-07-22,,,,,0,550034.0
https://lesserantilleshotels.com,tranco,2026-07-22,,,,,0,573559.0
https://35k.casino,tranco,2026-07-22,,,,,0,329039.0
https://agraria.com.br,tranco,2026-07-22,,,,,0,642789.0
https://gokursos.com,tranco,2026-07-22,,,,,0,576650.0
https://drsbook.co.kr,tranco,2026-07-22,,,,,0,578366.0
https://889993383.xyz,tranco,2026-07-22,,,,,0,857349.0
https://spri.eus,tranco,2026-07-22,,,,,0,284922.0
https://kunlunea.com,tranco,2026-07-22,,,,,0,13997.0
https://pztrn.name,tranco,2026-07-22,,,,,0,501170.0
https://wootric.com,tranco,2026-07-22,,,,,0,18043.0
https://elara.ie,tranco,2026-07-22,,,,,0,292259.0
https://sedoparking.com,tranco,2026-07-22,,,,,0,3919.0
https://toggl.com,tranco,2026-07-22,,,,,0,14063.0
https://pwjitubro.com,tranco,2026-07-22,,,,,0,817045.0
https://objednatvysetrenie.sk,tranco,2026-07-22,,,,,0,809182.0
https://rockantenne.bayern,tranco,2026-07-22,,,,,0,403045.0
https://footshop.hr,tranco,2026-07-22,,,,,0,627981.0
https://splitcartour.com,tranco,2026-07-22,,,,,0,384263.0
https://fostergrant.com,tranco,2026-07-22,,,,,0,249055.0
https://myheritage.nl,tranco,2026-07-22,,,,,0,67299.0
https://bat-safe.com,tranco,2026-07-22,,,,,0,339779.0
https://samanmarketing.com,tranco,2026-07-22,,,,,0,853199.0
https://procesos.com,tranco,2026-07-22,,,,,0,171974.0
https://buskanshu.com,tranco,2026-07-22,,,,,0,330757.0
https://csnns.com,tranco,2026-07-22,,,,,0,313680.0
https://prbookmarkingwebsites.com,tranco,2026-07-22,,,,,0,81096.0
https://girlsofdesire.org,tranco,2026-07-22,,,,,0,82749.0
https://sapo.ao,tranco,2026-07-22,,,,,0,139687.0
https://derwent-genseq.com,tranco,2026-07-22,,,,,0,489620.0
https://investigativefloor.com,tranco,2026-07-22,,,,,0,506532.0
https://accomodata.net,tranco,2026-07-22,,,,,0,358724.0
https://fortunabola27.site,tranco,2026-07-22,,,,,0,779455.0
https://risq.quebec,tranco,2026-07-22,,,,,0,633778.0
https://d6.net,tranco,2026-07-22,,,,,0,183514.0
https://amzndns-cn.biz,tranco,2026-07-22,,,,,0,33225.0
https://wienaustria.com,tranco,2026-07-22,,,,,0,567096.0
https://rezzo.bg,tranco,2026-07-22,,,,,0,819654.0
https://browngirljane.com,tranco,2026-07-22,,,,,0,653120.0
https://stormrush.com,tranco,2026-07-22,,,,,0,182396.0
https://ngbras.com,tranco,2026-07-22,,,,,0,52403.0
https://lugaresdeencuentro.net,tranco,2026-07-22,,,,,0,605878.0
https://808tunesin.com,tranco,2026-07-22,,,,,0,505603.0
https://icloudwaf.com,tranco,2026-07-22,,,,,0,127889.0
https://tokintienda.com.ar,tranco,2026-07-22,,,,,0,84895.0
https://nic.ninja,tranco,2026-07-22,,,,,0,58836.0
https://ncflag.ca,tranco,2026-07-22,,,,,0,510617.0
https://vecinasmaduritas.com,tranco,2026-07-22,,,,,0,217161.0
https://881bet16.com,tranco,2026-07-22,,,,,0,751172.0
https://keln5.com,tranco,2026-07-22,,,,,0,793422.0
https://latinotel.com,tranco,2026-07-22,,,,,0,742365.0
https://ukmoths.org.uk,tranco,2026-07-22,,,,,0,423384.0
https://topcheapcar.com,tranco,2026-07-22,,,,,0,408081.0
https://enterprisemobility.com,tranco,2026-07-22,,,,,0,151112.0
https://vkcdnvideo.com,tranco,2026-07-22,,,,,0,337358.0
https://ofd.uz,tranco,2026-07-22,,,,,0,512477.0
https://job-applications.com,tranco,2026-07-22,,,,,0,273908.0
https://ibbf55-resources.com,tranco,2026-07-22,,,,,0,173547.0
https://buckscountyboa.org,tranco,2026-07-22,,,,,0,763199.0
https://trustedholidays.in,tranco,2026-07-22,,,,,0,474534.0
https://naag.org,tranco,2026-07-22,,,,,0,96437.0
https://adb-centralen.se,tranco,2026-07-22,,,,,0,456079.0
https://theoptimalcloud.com,tranco,2026-07-22,,,,,0,547704.0
https://waivio.com,tranco,2026-07-22,,,,,0,138802.0
https://sitecity.ru,tranco,2026-07-22,,,,,0,198506.0
https://gsmr.com,tranco,2026-07-22,,,,,0,387673.0
https://freshspinzone.com,tranco,2026-07-22,,,,,0,939606.0
https://mega188win.com,tranco,2026-07-22,,,,,0,234037.0
https://hi1222.com,tranco,2026-07-22,,,,,0,785556.0
https://ngser.com,tranco,2026-07-22,,,,,0,254293.0
https://fxtm.info,tranco,2026-07-22,,,,,0,780365.0
https://ahfeixi.gov.cn,tranco,2026-07-22,,,,,0,363264.0
https://mfinante.ro,tranco,2026-07-22,,,,,0,136060.0
https://food.ru,tranco,2026-07-22,,,,,0,51565.0
https://fujoho.jp,tranco,2026-07-22,,,,,0,8718.0
https://uk4ru.com,tranco,2026-07-22,,,,,0,835420.0
https://dinkel-und-beeren.de,tranco,2026-07-22,,,,,0,771750.0
https://flirtticlubi.com,tranco,2026-07-22,,,,,0,778959.0
https://abuki.info,tranco,2026-07-22,,,,,0,864373.0
https://il.fi,tranco,2026-07-22,,,,,0,86460.0
https://m-vg.de,tranco,2026-07-22,,,,,0,257327.0
https://firstfind.nl,tranco,2026-07-22,,,,,0,130278.0
https://alranafashion.com,tranco,2026-07-22,,,,,0,947557.0
https://t8q.ru,tranco,2026-07-22,,,,,0,182432.0
https://dcsaas.eu,tranco,2026-07-22,,,,,0,92377.0
https://gfc.az,tranco,2026-07-22,,,,,0,971066.0
https://apkproz.com,tranco,2026-07-22,,,,,0,393609.0
https://sharepoint.de,tranco,2026-07-22,,,,,0,105759.0
https://laserhub.com,tranco,2026-07-22,,,,,0,494035.0
https://lonelycatgames.com,tranco,2026-07-22,,,,,0,287575.0
https://creditsailing.com,tranco,2026-07-22,,,,,0,920624.0
https://credit-agricole.com,tranco,2026-07-22,,,,,0,116593.0
https://awery.com,tranco,2026-07-22,,,,,0,924239.0
https://ktipp.ch,tranco,2026-07-22,,,,,0,305341.0
https://buser.com.br,tranco,2026-07-22,,,,,0,57394.0
https://ahmadhost.com,tranco,2026-07-22,,,,,0,467428.0
https://aarnuk.com,tranco,2026-07-22,,,,,0,752404.0
https://navar.hu,tranco,2026-07-22,,,,,0,999561.0
https://huibo.com,tranco,2026-07-22,,,,,0,340826.0
https://home64.de,tranco,2026-07-22,,,,,0,37916.0
https://galileocr.com,tranco,2026-07-22,,,,,0,681606.0
https://flant.dev,tranco,2026-07-22,,,,,0,585985.0
https://mambasendtrack.com,tranco,2026-07-22,,,,,0,918231.0
https://mysketchbooth.com,tranco,2026-07-22,,,,,0,806085.0
https://megeve.com,tranco,2026-07-22,,,,,0,717037.0
https://browntown.dev,tranco,2026-07-22,,,,,0,649113.0
https://conagrafoods.com,tranco,2026-07-22,,,,,0,455035.0
https://mainstay.com,tranco,2026-07-22,,,,,0,166474.0
https://mbix.ca,tranco,2026-07-22,,,,,0,646513.0
https://bollenstreekomroep.nl,tranco,2026-07-22,,,,,0,337831.0
https://arborday.org,tranco,2026-07-22,,,,,0,30376.0
https://tssns.net,tranco,2026-07-22,,,,,0,64291.0
https://webcms.lu,tranco,2026-07-22,,,,,0,405716.0
https://univ-ouargla.dz,tranco,2026-07-22,,,,,0,139428.0
https://blkpilots.de,tranco,2026-07-22,,,,,0,507443.0
https://tampaairport.com,tranco,2026-07-22,,,,,0,132694.0
https://hersenletsel-uitleg.nl,tranco,2026-07-22,,,,,0,936792.0
https://verbraucherzentrale.bayern,tranco,2026-07-22,,,,,0,513269.0
https://combatvet.us,tranco,2026-07-22,,,,,0,742337.0
https://889993339.xyz,tranco,2026-07-22,,,,,0,721136.0
https://88ef6.com,tranco,2026-07-22,,,,,0,751314.0
https://nwc.com.sa,tranco,2026-07-22,,,,,0,166878.0
https://nikshay.in,tranco,2026-07-22,,,,,0,23286.0
https://emas-solutions.com,tranco,2026-07-22,,,,,0,510045.0
https://fpi-mandalawaluya.ac.id,tranco,2026-07-22,,,,,0,253944.0
https://apzzrvwu.cc,tranco,2026-07-22,,,,,0,903554.0
https://carro.su,tranco,2026-07-22,,,,,0,166605.0
https://readictnovel.com,tranco,2026-07-22,,,,,0,158684.0
https://lowendspirit.com,tranco,2026-07-22,,,,,0,395979.0
https://animedekho.app,tranco,2026-07-22,,,,,0,9955.0
https://slotbase402.de,tranco,2026-07-22,,,,,0,855215.0
https://cloudcrest.ca,tranco,2026-07-22,,,,,0,630092.0
https://bioalei.com,tranco,2026-07-22,,,,,0,761264.0
https://lisari.gr,tranco,2026-07-22,,,,,0,108150.0
https://star50ats.shop,tranco,2026-07-22,,,,,0,349139.0
https://sensoneo.com,tranco,2026-07-22,,,,,0,987781.0
https://mrs-flowerspa.com,tranco,2026-07-22,,,,,0,804755.0
https://vilant.com,tranco,2026-07-22,,,,,0,332469.0
https://toyland.co.il,tranco,2026-07-22,,,,,0,629265.0
https://goodmoneyguide.com,tranco,2026-07-22,,,,,0,566364.0
https://fpcusa.com,tranco,2026-07-22,,,,,0,577930.0
https://tktube.com,tranco,2026-07-22,,,,,0,1711.0
https://t-6.net,tranco,2026-07-22,,,,,0,499235.0
https://careerplug.com,tranco,2026-07-22,,,,,0,43755.0
https://modafinilxl.com,tranco,2026-07-22,,,,,0,738691.0
https://quintessahotels.com,tranco,2026-07-22,,,,,0,521181.0
https://excel-networking.com,tranco,2026-07-22,,,,,0,906539.0
https://heusel.app,tranco,2026-07-22,,,,,0,988205.0
https://magnuspharm.com.pl,tranco,2026-07-22,,,,,0,671355.0
https://webacademic.com.br,tranco,2026-07-22,,,,,0,964598.0
https://up-immobilier.com,tranco,2026-07-22,,,,,0,917989.0
https://mxhost.ro,tranco,2026-07-22,,,,,0,370959.0
https://sstm.moe,tranco,2026-07-22,,,,,0,277801.0
https://elifegear.com,tranco,2026-07-22,,,,,0,775109.0
https://squareoffs.com,tranco,2026-07-22,,,,,0,133718.0
https://chosun.com,tranco,2026-07-22,,,,,0,3727.0
https://racket-company.de,tranco,2026-07-22,,,,,0,107757.0
https://msglowaestheticclinics.com,tranco,2026-07-22,,,,,0,804835.0
https://starlightnet.work,tranco,2026-07-22,,,,,0,329182.0
https://znanie.info,tranco,2026-07-22,,,,,0,934075.0
https://zee33bads.shop,tranco,2026-07-22,,,,,0,510677.0
https://cadizshoes.com,tranco,2026-07-22,,,,,0,949429.0
https://sdsos.gov,tranco,2026-07-22,,,,,0,204140.0
https://noticiasaldiayalahora.co,tranco,2026-07-22,,,,,0,185914.0
https://heyvr.io,tranco,2026-07-22,,,,,0,942742.0
https://betglobal360.co.uk,tranco,2026-07-22,,,,,0,892519.0
https://3298.casino,tranco,2026-07-22,,,,,0,324915.0
https://workges.com,tranco,2026-07-22,,,,,0,840746.0
https://gerl-dental.de,tranco,2026-07-22,,,,,0,583341.0
https://tvrage.com,tranco,2026-07-22,,,,,0,245762.0
https://zekicetasarim.com,tranco,2026-07-22,,,,,0,863831.0
https://ontariospca.ca,tranco,2026-07-22,,,,,0,241722.0
https://vat-search.eu,tranco,2026-07-22,,,,,0,590348.0
https://bestcoloringpages.ai,tranco,2026-07-22,,,,,0,542039.0
https://oberhof.de,tranco,2026-07-22,,,,,0,980220.0
https://nipponham.co.jp,tranco,2026-07-22,,,,,0,200079.0
https://myfinance.com,tranco,2026-07-22,,,,,0,67080.0
https://paginasamarillas.com.gt,tranco,2026-07-22,,,,,0,630215.0
https://papershelps.org,tranco,2026-07-22,,,,,0,651873.0
https://ej.ru,tranco,2026-07-22,,,,,0,171563.0
https://onlypatriot.com,tranco,2026-07-22,,,,,0,606024.0
https://nimbusdesigns.com,tranco,2026-07-22,,,,,0,446194.0
https://hottrumpnews.icu,tranco,2026-07-22,,,,,0,31481.0
https://z.ai,tranco,2026-07-22,,,,,0,14931.0
https://gukmztp.ru,tranco,2026-07-22,,,,,0,913466.0
https://ccbiblestudy.net,tranco,2026-07-22,,,,,0,940969.0
https://librairie-passionautomobile.com,tranco,2026-07-22,,,,,0,337638.0
https://lottosociety.com,tranco,2026-07-22,,,,,0,23674.0
https://synthroiduuu.com,tranco,2026-07-22,,,,,0,720398.0
https://therecoveryvillage.com,tranco,2026-07-22,,,,,0,60541.0
https://dsinv.ru,tranco,2026-07-22,,,,,0,422426.0
https://dsmart.com.tr,tranco,2026-07-22,,,,,0,178035.0
https://alandsbanken.ax,tranco,2026-07-22,,,,,0,318065.0
https://redcards.fun,tranco,2026-07-22,,,,,0,960457.0
https://laroche-posay.co,tranco,2026-07-22,,,,,0,597280.0
https://val.town,tranco,2026-07-22,,,,,0,240652.0
https://clearpointnetwork.nl,tranco,2026-07-22,,,,,0,860509.0
https://srmdata-us.com,tranco,2026-07-22,,,,,0,10465.0
https://erikshjalpen.se,tranco,2026-07-22,,,,,0,880165.0
https://luminarr.me,tranco,2026-07-22,,,,,0,250557.0
https://horlogeparlante.com,tranco,2026-07-22,,,,,0,324044.0
https://carladelacruzjewelry.com,tranco,2026-07-22,,,,,0,399197.0
https://uh1m02ax4.com,tranco,2026-07-22,,,,,0,196808.0
https://coloradomtn.edu,tranco,2026-07-22,,,,,0,221877.0
https://ryml.me,tranco,2026-07-22,,,,,0,660824.0
https://drkotkar.com,tranco,2026-07-22,,,,,0,452448.0
https://xindong.com,tranco,2026-07-22,,,,,0,90152.0
https://armstrong.com,tranco,2026-07-22,,,,,0,144139.0
https://tena.co.uk,tranco,2026-07-22,,,,,0,979593.0
https://jackpotstream.de,tranco,2026-07-22,,,,,0,870290.0
https://yoggies.cz,tranco,2026-07-22,,,,,0,842883.0
https://coolsymbol.com,tranco,2026-07-22,,,,,0,114136.0
https://realtek.com,tranco,2026-07-22,,,,,0,52414.0
https://top1list.vn,tranco,2026-07-22,,,,,0,904744.0
https://modelingmadness.com,tranco,2026-07-22,,,,,0,407528.0
https://gizli-musteri.com,tranco,2026-07-22,,,,,0,782232.0
https://8qr.game,tranco,2026-07-22,,,,,0,622143.0
https://ni.com,tranco,2026-07-22,,,,,0,12974.0
https://shopping-mall.su,tranco,2026-07-22,,,,,0,877531.0
https://guineenews.org,tranco,2026-07-22,,,,,0,272356.0
https://tmcom.com,tranco,2026-07-22,,,,,0,113373.0
https://cnet.co.uk,tranco,2026-07-22,,,,,0,122582.0
https://patentequiz.com,tranco,2026-07-22,,,,,0,812445.0
https://uniagraria.edu.co,tranco,2026-07-22,,,,,0,860003.0
https://theinnergame.com,tranco,2026-07-22,,,,,0,943203.0
https://awsdns-eusc-45.de,tranco,2026-07-22,,,,,0,167490.0
https://seicing.com,tranco,2026-07-22,,,,,0,961315.0
https://unp.ac.za,tranco,2026-07-22,,,,,0,647360.0
https://amgt.co.th,tranco,2026-07-22,,,,,0,931205.0
https://odishaminerals.gov.in,tranco,2026-07-22,,,,,0,23683.0
https://orangetoolsspace.nl,tranco,2026-07-22,,,,,0,848534.0
https://8mc3ji.com,tranco,2026-07-22,,,,,0,751502.0
https://fckznx.top,tranco,2026-07-22,,,,,0,481860.0
https://hitnspin-casino.org,tranco,2026-07-22,,,,,0,23952.0
https://host-ive.web.za,tranco,2026-07-22,,,,,0,378209.0
https://intero.com,tranco,2026-07-22,,,,,0,868698.0
https://epasecure.com,tranco,2026-07-22,,,,,0,546942.0
https://servercorp.com,tranco,2026-07-22,,,,,0,901729.0
https://quadhead.games,tranco,2026-07-22,,,,,0,321779.0
https://imh.org,tranco,2026-07-22,,,,,0,971149.0
https://stiebel-eltron.de,tranco,2026-07-22,,,,,0,61677.0
https://gca.org,tranco,2026-07-22,,,,,0,169483.0
