url,source,confirmation_method
https://facebookloginbd.blogspot.com/,"openphish,phishtank",feed_domain
https://www.roblox.com.et/games/78515283254292/Animal-Hospital-Anomaly-?privateServerLinkCode=36676453253709010717578264400285,openphish,feed_domain
http://sbcverify-1e6d20.webflow.io/,openphish,feed_domain
https://creditoseguro--micreditopich.replit.app/,"openphish,phishtank",feed_domain
https://goo.su/wz4bs,openphish,feed_domain
https://l0ginxftjtjtjupdatetjtj96956200ne9tj.webflow.io/?referer=urlvanish.com%2F6124eb7f,openphish,feed_domain
http://emulated-emoh-dne-review.surge.sh/,openphish,feed_domain
http://submit-application.surge.sh/,openphish,feed_domain
https://zedelliveryoficial.vercel.app/,"openphish,phishtank",feed_domain
https://consult-sempre-online.vercel.app/,"openphish,phishtank",feed_domain
https://casadaluzvermelha.com.br/collision-invoice,openphish,feed_domain
https://s4w.in/www-roblox-com-user-3216055744-profile,openphish,feed_domain
https://vo.la/nXST81O,openphish,feed_domain
https://www.roblox.com.mu/users/7047521065/profile,openphish,feed_domain
https://user-panel-apply-blue-badge.surge.sh/,"openphish,phishtank",feed_domain
http://outlookmailwww.webcindario.com/,openphish,feed_domain
https://avanteshipping.com/wp-includes/js/de-easy/,openphish,feed_domain
https://www.robiox.com.py/users/456426388441/profile,openphish,feed_domain
https://spectrumcommunicationsbvsd.framer.website/,"openphish,phishtank",feed_domain
https://www.roblox.com.ml/users/213789737167/profile,openphish,feed_domain
https://vlidenaw.webcindario.com/,"openphish,phishtank",feed_domain
https://concerned-statuses-460946.framer.app/,"openphish,phishtank",feed_domain
http://ipfs.io/ipfs/bafybeighfukfgetskynloqlbnfnt3h3mfi3tn66wp5txgvyrxq3fgilavm,openphish,feed_domain
https://www.roblox.com.ml/users/328342285279/profile,openphish,feed_domain
https://s4w.in/www-roblox-com-users-328342285279-profile,openphish,feed_domain
https://prior-beige-yhzm8kq0.edgeone.dev/,"openphish,phishtank",feed_domain
https://www.robiox.com.py/users/270533335578/profile,openphish,feed_domain
http://miaexs.us.cc/5g/,openphish,feed_domain
https://avanteshipping.com/wp-includes/Text/sls,openphish,feed_domain
https://ipfs.io/ipfs/bafkreifp4gu2tkmamzkzu6gcsoyo5y7kpzev2ptahflode6ucps4ivwag4?eta=renis@8538cfb92c9313e9ed1b854543725ef35785.net,openphish,feed_domain
https://ipfs.io/ipfs/bafkreigl2k5fptwipwkjwk4ldzsewducdpxhrzcxiaqnfcuygdv5grbrmi?eta=lanorx@e98d12510b2ec5ee119303bd7e748f22104c.com,openphish,feed_domain
https://www.roblox.com.ml/users/342114489145/profile,openphish,feed_domain
https://www.roblox.com.ml/users/156719724702/profile,openphish,feed_domain
http://confidio-check.free.nf/it/fatture/,openphish,feed_domain
https://www.roblox.com.mu/communities/5543849958/Mystic-Studio,openphish,feed_domain
https://mon-inscription-prime.com/config/pages/mobile/connexion/connexion.php/,"openphish,phishtank",feed_domain
https://www.robiox.com.py/users/336328622146/profile,openphish,feed_domain
https://www.roblox.com.ml/users/241383722534/profile,openphish,feed_domain
https://net-ledger-wallet-data-repository.vercel.app/ledger%20form/index.html/,"openphish,phishtank",feed_domain
https://xfinttythtty.weebly.com/,"openphish,phishtank",feed_domain
http://autoscout24ch.com/,"openphish,phishtank",feed_domain
https://www.roblox.com.ml/users/142483888837/profile,openphish,feed_domain
https://informacion-para-usted.zya.me/,"openphish,phishtank",feed_domain
https://s4w.in/https-www-roblox-com-users-1015010701-profilee,openphish,feed_domain
https://vo.la/saKvUR9,openphish,feed_domain
https://www.roblox.com.ml/users/226542993849/profile,openphish,feed_domain
https://mon-inscription-prime.com/config/pages/desktop/connexion/connexion.php,"openphish,phishtank",feed_domain
https://www.dc.crsorgi.gov.in.index.crs.certificate4.com/general-public,"openphish,phishtank",feed_domain
https://prostuti.net/index/ob/diff.html,"openphish,phishtank",feed_domain
https://www.roblox.com.ml/users/345425673702/profile,openphish,feed_domain
https://www.roblox.com.et/games/111810451367031/Find-Obby-Zone-NEW-POSES?privateServerLinkCode=87937092440095885504933173564581,openphish,feed_domain
https://www.roblox.com.ml/users/378611598334/profile,openphish,feed_domain
https://www.roblox.com.ml/users/161954526175/profile,openphish,feed_domain
https://www.robiox.com.py/users/231572913371/profile,openphish,feed_domain
https://www.robiox.com.py/users/338841459241/profile,openphish,feed_domain
https://s4w.in/www-roblox-com-users-327216790154-profile,openphish,feed_domain
https://www.roblox.et/users/367604723/profile,openphish,feed_domain
https://www.roblox.com.mu/communities/2987119783/Scriptbloxian-studios,openphish,feed_domain
https://s4w.in/www-roblox-com-users-32721679054-profile,openphish,feed_domain
https://www.roblox.com.ml/users/363414735497/profile,openphish,feed_domain
http://other-help-488578.framer.app/,openphish,feed_domain
https://banhcafe4.github.io/hablameeee/,"openphish,phishtank",feed_domain
https://lnk.ink/robIox.com.users-35149531842.profile,openphish,feed_domain
http://sympathetic-forms-118600.framer.app/,openphish,feed_domain
https://s4w.in/https-www-roblox-com-users-1689710508-profile,openphish,feed_domain
http://dextestresolve-2qe.pages.dev/,"openphish,phishtank",feed_domain
http://xelzavi-kig-fentora-c7x2fc45.pages.dev/,"openphish,phishtank",feed_domain
http://xin3vs-1nm-o0fae8-bbua80.pages.dev/,"openphish,phishtank",feed_domain
http://sp3ct-vesnak-biz8-kolqer-lidun.pages.dev/,"openphish,phishtank",feed_domain
http://wbple7-1gv-jsg-gujo3-b4nr.pages.dev/,"openphish,phishtank",feed_domain
http://heliusonbaording.pages.dev/,"openphish,phishtank",feed_domain
http://stkl-f07ata-gsbmb-5ge3-oe4lgw.pages.dev/,"openphish,phishtank",feed_domain
http://vxxqbm-a5zc-p1r-vhiuwt-5es278.pages.dev/,"openphish,phishtank",feed_domain
http://wtestresolve-ena.pages.dev/,"openphish,phishtank",feed_domain
http://sp4ct-savorek-biz8-forax-lunem.pages.dev/,"openphish,phishtank",feed_domain
http://zcw6-0pl-8keetw-813mpj-fk9.pages.dev/,"openphish,phishtank",feed_domain
http://yimqj-bqo-w75-5qug-7u11vw.pages.dev/,"openphish,phishtank",feed_domain
http://yfhcn445nh-xkvdjlpw-1b1a8d-yfh50c.pages.dev/,"openphish,phishtank",feed_domain
http://wjrsk8agpxo-mzgqlmja-9e5f9b-wjr06c.pages.dev/,"openphish,phishtank",feed_domain
http://w10-2abw-8hgms-ndt-95c-z1m.pages.dev/,"openphish,phishtank",feed_domain
http://sp4ct-qelmorin-biz8-lorem-zafun.pages.dev/,"openphish,phishtank",feed_domain
http://sp3ct-zelvik-biz8-korsan-hudek.pages.dev/,"openphish,phishtank",feed_domain
http://sp3ct-purnel-biz8-falqor-mivan.pages.dev/,"openphish,phishtank",feed_domain
http://zqhi-vyu-excih-7eg-mgsubs.pages.dev/,"openphish,phishtank",feed_domain
http://sud-0qek4-n2z-lb3cm-e6e-w6i37q.pages.dev/,"openphish,phishtank",feed_domain
http://sp3ct-morqas-biz8-telvik-hurem.pages.dev/,"openphish,phishtank",feed_domain
http://w70m-7qt-p4i-3w6ywy-id9ax2.pages.dev/,"openphish,phishtank",feed_domain
http://x2ae7-m5q0t1-9kz-cxdn6p-zgi.pages.dev/,"openphish,phishtank",feed_domain
http://vronz-vlypx-zclod-7e26cf-urkt-zorgon.pages.dev/,"openphish,phishtank",feed_domain
http://sp7ct-jorqal-biz8-mesnor-plavik.pages.dev/,"openphish,phishtank",feed_domain
http://y54s8p-er2-rdlrnt-xivf-jk00.pages.dev/,"openphish,phishtank",feed_domain
http://sp4ct-orvakon-biz8-larem-dusik.pages.dev/,"openphish,phishtank",feed_domain
http://syzmm-y1z-9os6ik-d81n-9hu0w.pages.dev/,"openphish,phishtank",feed_domain
http://x6j-8qxax-fi2yqg-sybxrp-l2mkkr.pages.dev/,"openphish,phishtank",feed_domain
http://trelvo-samrik-46f29d-brbn-hf2406xto.pages.dev/,"openphish,phishtank",feed_domain
http://tda2-9n9kv-a9q3-02ndsp-ohzc.pages.dev/,"openphish,phishtank",feed_domain
http://vxk5q-wh27-edjt-tz4xy3-1svhl4.pages.dev/,"openphish,phishtank",feed_domain
http://aerodromeresolve.pages.dev/,"openphish,phishtank",feed_domain
http://sp3ct-renlor-biz8-makvik-hosen.pages.dev/,"openphish,phishtank",feed_domain
http://xkjgjv-gfhr7-03o-wrg71u-k8xoa.pages.dev/,"openphish,phishtank",feed_domain
http://sp3ct-purnex-biz8-kelvik-sarom.pages.dev/,"openphish,phishtank",feed_domain
http://sp3ct-xorvak-biz8-turnel-qimor.pages.dev/,"openphish,phishtank",feed_domain
http://w009zi-dc67dx-ssl-rz5-tvygz3.pages.dev/,"openphish,phishtank",feed_domain
http://we4-n716e-5nijgj-am73-8dh.pages.dev/,"openphish,phishtank",feed_domain
http://z4dw-4nio-cw5vf-z3p-kf4-rl7b6.pages.dev/,"openphish,phishtank",feed_domain
http://tg5tg-wf4c-4oai-x163b8-4wli.pages.dev/,"openphish,phishtank",feed_domain
http://tsatw-81n-d7u-0c6u-952iy.pages.dev/,"openphish,phishtank",feed_domain
http://to3y14-az8mby-7xj-jjdu1-4pwix.pages.dev/,"openphish,phishtank",feed_domain
http://sxyc9-ngu-j0jq10-1qz9-d1u.pages.dev/,"openphish,phishtank",feed_domain
http://vormelo-gld-larqumi-r1q5dk63.pages.dev/,"openphish,phishtank",feed_domain
http://sp3ct-lasqen-biz8-horvak-pirel.pages.dev/,"openphish,phishtank",feed_domain
http://zor-xqrc8c-04k-nzv0-k0q5nq.pages.dev/,"openphish,phishtank",feed_domain
http://xelquro-gld-zarmita-c7m4hp68.pages.dev/,"openphish,phishtank",feed_domain
http://sp3ct-yolqik-biz8-dersan-furem.pages.dev/,"openphish,phishtank",feed_domain
http://sp3ct-nexqor-biz8-pardel-fusim.pages.dev/,"openphish,phishtank",feed_domain
http://t5d8e-qjh-ate9-1z9omv-a4px.pages.dev/,"openphish,phishtank",feed_domain
http://w1xgy-ddna0-x5cczz-f9h-i9s9qa.pages.dev/,"openphish,phishtank",feed_domain
http://sp4ct-wardelon-biz8-lorex-kasok.pages.dev/,"openphish,phishtank",feed_domain
http://vormelu-gld-belquro-r5m3dw41.pages.dev/,"openphish,phishtank",feed_domain
http://travixa-gld-zarquni-r6m7hp15.pages.dev/,"openphish,phishtank",feed_domain
https://webmail-shaws-logins-s-zimbra.framer.website/,"openphish,phishtank",feed_domain
http://2017.peterboonen.be/images/qyxmwzh/ebcfthq/aujdnpi/otslm/loginn.html,openphish,feed_domain
http://sp10ct-gurex-biz8-kafem-lorin.pages.dev/,"openphish,phishtank",feed_domain
http://sp10ct-jurem-biz8-mafor-zilek.pages.dev/,"openphish,phishtank",feed_domain
http://sp3ct-borvik-biz8-hesnar-qifel.pages.dev/,"openphish,phishtank",feed_domain
http://sp3ct-helvok-biz8-prasik-dunor.pages.dev/,"openphish,phishtank",feed_domain
http://sp10ct-nalem-biz8-murek-lovin.pages.dev/,"openphish,phishtank",feed_domain
http://sp10ct-durex-biz8-folam-zirev.pages.dev/,"openphish,phishtank",feed_domain
http://sp10ct-jurel-biz8-darev-fosin.pages.dev/,"openphish,phishtank",feed_domain
http://sp29ct-kalvik-biz-femtor-hansel.pages.dev/,"openphish,phishtank",feed_domain
http://sp10ct-dorek-biz8-zurem-kafin.pages.dev/,"openphish,phishtank",feed_domain
http://sp10ct-valem-biz8-lurek-fodin.pages.dev/,"openphish,phishtank",feed_domain
http://sp10ct-lafik-biz8-durem-zorel.pages.dev/,"openphish,phishtank",feed_domain
http://sp29ct-lavqen-biz-forsik-merkal.pages.dev/,"openphish,phishtank",feed_domain
http://sp3ct-brenas-biz8-falqor-litem.pages.dev/,"openphish,phishtank",feed_domain
http://sp10ct-rurek-biz8-folim-maven.pages.dev/,"openphish,phishtank",feed_domain
http://sp10ct-jurek-biz8-lovek-mazin.pages.dev/,"openphish,phishtank",feed_domain
http://sp3ct-lanvik-biz8-forsel-qadun.pages.dev/,"openphish,phishtank",feed_domain
http://sp3ct-karnel-biz8-volrik-fasen.pages.dev/,"openphish,phishtank",feed_domain
http://sp29ct-qelvik-biz-zarmel-hontak.pages.dev/,"openphish,phishtank",feed_domain
http://sp10ct-vafik-biz8-lurem-zosen.pages.dev/,"openphish,phishtank",feed_domain
http://sp10ct-nurev-biz8-lokam-fires.pages.dev/,"openphish,phishtank",feed_domain
http://sp10ct-purem-biz8-korep-dazin.pages.dev/,"openphish,phishtank",feed_domain
http://sp10ct-hurep-biz8-kavem-doril.pages.dev/,"openphish,phishtank",feed_domain
http://sp3ct-drelok-biz8-havqen-misur.pages.dev/,"openphish,phishtank",feed_domain
http://sp10ct-ralom-biz8-kurem-fasel.pages.dev/,"openphish,phishtank",feed_domain
http://sp10ct-surek-biz8-zavom-lirek.pages.dev/,"openphish,phishtank",feed_domain
http://sp10ct-gorev-biz8-murep-zalin.pages.dev/,"openphish,phishtank",feed_domain
http://sp10ct-furex-biz8-lozam-kirel.pages.dev/,"openphish,phishtank",feed_domain
http://sp10ct-durex-biz8-folam-zirev-d6o.pages.dev/,"openphish,phishtank",feed_domain
http://sp10ct-hovam-biz8-kurex-lisen.pages.dev/,"openphish,phishtank",feed_domain
http://q83m-gtxu-596487-k3tr3-44gbd.pages.dev/,"openphish,phishtank",feed_domain
http://sp10ct-tarok-biz8-furem-dazin.pages.dev/,"openphish,phishtank",feed_domain
http://sp10ct-curev-biz8-fazom-lirep.pages.dev/,"openphish,phishtank",feed_domain
http://sp10ct-curek-biz8-farem-lovin.pages.dev/,"openphish,phishtank",feed_domain
http://sp10ct-dafem-biz8-murek-lorin.pages.dev/,"openphish,phishtank",feed_domain
http://sp10ct-gurem-biz8-movel-kasin.pages.dev/,"openphish,phishtank",feed_domain
http://k1ppj0-hzup-5cka2p-ym5k4.pages.dev/,"openphish,phishtank",feed_domain
http://sp10ct-curex-biz8-lomar-vesik.pages.dev/,"openphish,phishtank",feed_domain
http://lw1j6-db3ts-eti4is-dyo-nfvr.pages.dev/,"openphish,phishtank",feed_domain
http://ks0-s66ao-s2mp68-zl4-yjw98p.pages.dev/,"openphish,phishtank",feed_domain
http://sp10ct-corem-biz8-zuram-lifek.pages.dev/,"openphish,phishtank",feed_domain
http://njbp7-7m4vn4-2wg-4hnj-pldu.pages.dev/,"openphish,phishtank",feed_domain
http://mc7-t7r-mueh-8or-yqhlqk-74qrb.pages.dev/,"openphish,phishtank",feed_domain
http://gor2rw-0qb2r7-4k4mx-x5xr.pages.dev/,"openphish,phishtank",feed_domain
http://qernelo-gld-lormavi-a2k3dw79.pages.dev/,"openphish,phishtank",feed_domain
http://pl6c-wbak2s-kkff8e-rllgwp.pages.dev/,"openphish,phishtank",feed_domain
http://p4xv-w9h1c-t29435-r6t6u-f5ubzc.pages.dev/,"openphish,phishtank",feed_domain
http://ms22r-2xm-jsd9-kfbcg-cjhc2.pages.dev/,"openphish,phishtank",feed_domain
http://pldxu-jpa-dakfrj-zivem-eroo.pages.dev/,"openphish,phishtank",feed_domain
http://ntn2so-xdbdw-ruz8b6-xw4j.pages.dev/,"openphish,phishtank",feed_domain
http://oyhzy-v6kvlc-hu74-6tuh-gvo.pages.dev/,"openphish,phishtank",feed_domain
http://dravixa-gld-lormeta-r2v6hq39.pages.dev/,"openphish,phishtank",feed_domain
http://okzsah-38pd-jvw-wbsma4-pknr.pages.dev/,"openphish,phishtank",feed_domain
http://owxc2v-vb5u2-yupgq-zmft0g.pages.dev/,"openphish,phishtank",feed_domain
http://hk4-7h3cx-xqhoa-e2b-q0s-s320.pages.dev/,"openphish,phishtank",feed_domain
http://morlita-kig-felquro-r4x8dw26.pages.dev/,"openphish,phishtank",feed_domain
http://pygq-lulrq-wnc-lv1v2a-hsie2.pages.dev/,"openphish,phishtank",feed_domain
http://ojxp-p7ls-o9cks-akvlyx-yd3kr.pages.dev/,"openphish,phishtank",feed_domain
http://mjf3-7m1q-k1g77-pi2vn6-gshs.pages.dev/,"openphish,phishtank",feed_domain
http://ggee-har6b-ty1p6s-539xis.pages.dev/,"openphish,phishtank",feed_domain
http://mxy090-i6zaj-2y5-t3vwhy-qq5n.pages.dev/,"openphish,phishtank",feed_domain
http://hpf1r8-yjwemc-wu9fk-oji-6ue.pages.dev/,"openphish,phishtank",feed_domain
http://o2wz-eis-jtnm-4cc-4on-k09w.pages.dev/,"openphish,phishtank",feed_domain
http://of1-qdb1-pfscbe-m6zk-zlgxtb.pages.dev/,"openphish,phishtank",feed_domain
http://ozbv-s6a3mk-rvhbj7-42s69.pages.dev/,"openphish,phishtank",feed_domain
http://dpa-s8jh-i4mv4t-uhc-xawm6p.pages.dev/,"openphish,phishtank",feed_domain
http://bntp374x-yfhcn39zfn-5e8a-wjr73k.pages.dev/,"openphish,phishtank",feed_domain
http://kg7y1y-espj1w-u0w-egt-vy4y5.pages.dev/,"openphish,phishtank",feed_domain
http://m1c2c-iz1u08-9wq-n44v-fw8.pages.dev/,"openphish,phishtank",feed_domain
http://f6o4cs-g38-1yho-ryv6-c06dmn.pages.dev/,"openphish,phishtank",feed_domain
http://cal0f-zz3-8vfq4-33xph-faryd.pages.dev/,"openphish,phishtank",feed_domain
http://hz9-b1mk-5eg61-j7myx-j7e1nq.pages.dev/,"openphish,phishtank",feed_domain
http://fn4pn-31h-gmb7o9-2cyq-sdm.pages.dev/,"openphish,phishtank",feed_domain
http://lxm0js-yvp-63kbp-v8ifyt-nv5b.pages.dev/,"openphish,phishtank",feed_domain
http://lovzy-daifuku-9b1d7c-ht1204g-b-2406vhw.pages.dev/,"openphish,phishtank",feed_domain
http://l6t-0at-1fguw6-hfo67-hy9.pages.dev/,"openphish,phishtank",feed_domain
http://g4lqky-epxe-z5c92-x130x-5p9.pages.dev/,"openphish,phishtank",feed_domain
http://mb8905-vxepq9-uz89o-d2j-pbv.pages.dev/,"openphish,phishtank",feed_domain
http://dravexa-kig-larquna-c5t6hp97.pages.dev/,"openphish,phishtank",feed_domain
http://lww-jslbt1-rvfpu-n36tl-w34k9r.pages.dev/,"openphish,phishtank",feed_domain
http://cfzpv-pubzm-g0y2-062-tdv.pages.dev/,"openphish,phishtank",feed_domain
http://lr1z9-zlym-pkl-8ghy-slusx.pages.dev/,"openphish,phishtank",feed_domain
http://l6yw-h5x-mzrx-uono-j6nf-hef802.pages.dev/,"openphish,phishtank",feed_domain
http://c9ah9-zih-co3f-cmfeam-cwdtk.pages.dev/,"openphish,phishtank",feed_domain
http://sp29ct-lorqik-biz-femtor-varnel.pages.dev/,"openphish,phishtank",feed_domain
http://majzstic-dout-8241f2-grb1204-bb-2406zcn.pages.dev/,"openphish,phishtank",feed_domain
http://f1jphe-yotvb-d2d-rpsum-wsoo.pages.dev/,"openphish,phishtank",feed_domain
http://cocfz-9ek-9k3-c6k7b-q7bcw.pages.dev/,"openphish,phishtank",feed_domain
http://ehq2q1-uom2-v8a-ste-38j52p.pages.dev/,"openphish,phishtank",feed_domain
http://c5d-sjhq05-dci1cp-rqtum-efwhz.pages.dev/,"openphish,phishtank",feed_domain
http://ctj-rr9-2e2ui0-3mcc-8we-akbg.pages.dev/,"openphish,phishtank",feed_domain
http://ciyg-odkrkz-d7eer-jgjybd.pages.dev/,"openphish,phishtank",feed_domain
http://h1nxr-hv5cg4-pgu-w47lb-rq5r0a.pages.dev/,"openphish,phishtank",feed_domain
http://hkdo-eq8-snu-q2od2-cfz3-4seu6.pages.dev/,"openphish,phishtank",feed_domain
http://bntp3725nhw-yfhcnfyn-7d5e0f-xk266a.pages.dev/,"openphish,phishtank",feed_domain
http://ciaz8h-8njujr-xch4l-nr1b.pages.dev/,"openphish,phishtank",feed_domain
http://hskm0-4ptyr-02ic-ftes5-6ra.pages.dev/,"openphish,phishtank",feed_domain
http://quas7-qfv9-q26ep-h8p8h-vd2y7.pages.dev/,"openphish,phishtank",feed_domain
http://lcs5-7bfe-tji-4o5-04nrzp.pages.dev/,"openphish,phishtank",feed_domain
http://ei641-w9db-l5dq-2s2q8v-prkum.pages.dev/,"openphish,phishtank",feed_domain
http://ojt-zp3-habj2-30d-vve-nrqd.pages.dev/,"openphish,phishtank",feed_domain
http://lae47-z8x6u-m7z-yvde-ebp6.pages.dev/,"openphish,phishtank",feed_domain
http://pvga-gxj-udc5-q2y-wxaa0-8ud.pages.dev/,"openphish,phishtank",feed_domain
https://www.roblox.et/users/5366341830/profile,openphish,feed_domain
https://centered-forms-762969.framer.app/,"openphish,phishtank",feed_domain
https://php-web-server--mexicoeducation.replit.app/,"openphish,phishtank",feed_domain
https://i.gal/9EPYm,openphish,feed_domain
https://sso-kucoin-log-in-eng.typedream.app/,"openphish,phishtank",feed_domain
https://bitly.cx/pFpJn,openphish,feed_domain
https://www.vam-sa.pt/forms/oknewwithip/,openphish,feed_domain
http://formulariodesolicitudbhdexpress--allaym02.replit.app/,openphish,feed_domain
https://www.roblox.com.mu/games/98065699401974/My-AI-Chatbot?privateServerLinkCode=04755297302411910983594039850173,openphish,feed_domain
https://www.roblox.com.ml/users/134511723561/profile,openphish,feed_domain
https://your-spectrum-email-update-account.weeblysite.com/,"openphish,phishtank",feed_domain
https://www.roblox.com.mu/users/2284427568/profile,openphish,feed_domain
https://www.roblox.com.ml/games/2753915549/Blox-Fruits?privateServerLinkCode=364464748585966812177166571571,openphish,feed_domain
https://www.roblox.com.ml/users/128360482363/profile,openphish,feed_domain
https://www.roblox.com.ml/users/478875133182/profile,openphish,feed_domain
https://hikmvn.com/pop/download.html,"openphish,phishtank",feed_domain
https://www.roblox.com.ml/users/251015572631/profile,openphish,feed_domain
https://ingresaahoramx.webcindario.com/index1.html,"openphish,phishtank",feed_domain
https://www.robiox.com.py/games/920587237/Adopt-Me?privateServerLinkCode=639987113862875567381753651456,openphish,feed_domain
https://www.roblox.com.ml/users/256741721387/profile,openphish,feed_domain
https://www.robiox.com.py/games/97598239454123/Grow-a-Garden-2?privateServerLinkCode=775877898108768636180976317168,openphish,feed_domain
https://www.roblox.com.ml/users/334543772341/profile,openphish,feed_domain
https://orange-1.vercel.app/,"openphish,phishtank",feed_domain
https://staticfile-sntandre.wasmer.app/,"openphish,phishtank",feed_domain
https://ledger-wallets-auth-edges.vercel.app/ledger%20form/verify.html,"openphish,phishtank",feed_domain
https://my-xfinity.me/x/,"openphish,phishtank",feed_domain
http://lh.gecnnrl.com/NeemaHospitalityManagement/download.html,openphish,feed_domain
https://formulariodesolicitudbhdexpress--allaym02.replit.app/formulario.html,"openphish,phishtank",feed_domain
https://s4w.in/roblox-com-users-1429420-profile,openphish,feed_domain
https://www.roblox.com.ml/users/392320503643/profile,openphish,feed_domain
https://surl.li/wekpwd,openphish,feed_domain
https://www.robiox.com.ps/communities/8426132926/ARTS-CLOTHING,openphish,feed_domain
https://eassstlinkkksettings.weebly.com/,"openphish,phishtank",feed_domain
https://www.roblox.com.mu/games/75716812527333/Cozy-Cottage-RP?privateServerLinkCode=10187418811849153131181089779865,openphish,feed_domain
https://consulta-si-erees-beneficiariio.hstn.me/,"openphish,phishtank",feed_domain
http://concerned-frame-480538.framer.app/,openphish,feed_domain
https://www.robiox.com.py/users/346344470464/profile,openphish,feed_domain
https://www.roblox.com.ml/users/252557514163/profile,openphish,feed_domain
https://www.r.oblox.com.et/users/2047074907/profile,openphish,feed_domain
https://www.r.oblox.com.et/users/8699842275/profile,openphish,feed_domain
https://yxrrggaulragjcrjugzj.weebly.com/,"openphish,phishtank",feed_domain
https://vaac.club/Verista,openphish,feed_domain
https://wawacomcomcom.weebly.com/,"openphish,phishtank",feed_domain
http://bazecoin-extnsn.framer.ai/,openphish,feed_domain
https://tstanpayeifyts.s3.us-east-005.backblazeb2.com/MTS_Mail-2.html,"openphish,phishtank",feed_domain
https://dsdsgtrbb.eu.cc/es,"openphish,phishtank",feed_domain
https://everyservermail.weeblysite.com/,"openphish,phishtank",feed_domain
https://www.roblox.com.ml/users/283666138744/profile,openphish,feed_domain
https://www.robiox.com.py/users/278565116767/profile,openphish,feed_domain
http://solicitudyaumentodecupobancol360.vercel.app/,openphish,feed_domain
http://solicitudyaumentoagrupoamigo360.vercel.app/,openphish,feed_domain
https://yournetflixaccount.com/pages/captcha.php,"openphish,phishtank",feed_domain
http://segurossurah360.vercel.app/,openphish,feed_domain
https://senati-seguridad--senati-2026.replit.app/,"openphish,phishtank",feed_domain
https://www.roblox.com.et/games/133638981635275/1-Speed-Beach-Escape?privateServerLinkCode=87937092440095885504933173564581&game_id=133638981635275&game_name=1-Speed-Beach-Escape,openphish,feed_domain
https://www.roblox.com.ml/users/416183421885/profile,openphish,feed_domain
https://www.roblox.com.mu/communities/2482690115/SGOfficial,openphish,feed_domain
https://php-web-server--unittec.replit.app/,"openphish,phishtank",feed_domain
https://www.roblox.com.ml/users/441242828048/profile,openphish,feed_domain
https://tranquil-places-459866.framer.app/,"openphish,phishtank",feed_domain
https://predictable-transportation-105733.framer.app/,"openphish,phishtank",feed_domain
https://illuminated-monstera-424472.framer.app/,"openphish,phishtank",feed_domain
https://positive-spots-703732.framer.app/,"openphish,phishtank",feed_domain
https://minimum-personalization-528224.framer.app/,"openphish,phishtank",feed_domain
https://refreshed-challenge-135573.framer.app/,"openphish,phishtank",feed_domain
https://compassionate-hiring-458007.framer.app/,"openphish,phishtank",feed_domain
https://centered-way-500530.framer.app/,"openphish,phishtank",feed_domain
https://altruistic-psychology-794163.framer.app/,"openphish,phishtank",feed_domain
https://magenta-designers-978286.framer.app/,"openphish,phishtank",feed_domain
https://magenta-pattern-910798.framer.app/,"openphish,phishtank",feed_domain
https://aware-seat-774154.framer.app/,"openphish,phishtank",feed_domain
https://hungry-league-681458.framer.app/,"openphish,phishtank",feed_domain
https://rotating-language-501995.framer.app/,"openphish,phishtank",feed_domain
http://cr590527.tw1.ru/,openphish,feed_domain
https://service-idi.weebly.com/,"openphish,phishtank",feed_domain
https://bt-105831oidfotf.weeblysite.com/,"openphish,phishtank",feed_domain
https://xelquna-gld-lormeta-r8t6fc57.pages.dev/thn-yjm-uio-lkh?welcome=613399555181802,openphish,feed_domain
https://sujlskkedh.weebly.com/,"openphish,phishtank",feed_domain
https://prime-video.club/?token=7d2443fb,openphish,feed_domain
http://xfupgradereset.framer.ai/,openphish,feed_domain
http://connectxverificationproappsuit.framer.wiki/,openphish,feed_domain
http://glorious-shape-173131.framer.app/,openphish,feed_domain
https://full-transportation-630661.framer.app/,"openphish,phishtank",feed_domain
https://telsadminnnnnn.weebly.com/,"openphish,phishtank",feed_domain
https://happy-method-000444.framer.app/,"openphish,phishtank",feed_domain
https://defiant-violet-313848.framer.app/,"openphish,phishtank",feed_domain
https://amusing-estimate-626643.framer.app/,"openphish,phishtank",feed_domain
https://plum-fox-137616.framer.app/,"openphish,phishtank",feed_domain
https://158-158-1-61.cprapid.com/pl/kasse.php,"openphish,phishtank",feed_domain
https://live-led-ger-sso-auth.typedream.app/,"openphish,phishtank",feed_domain
https://www.flow.page/att-paymentinfoupdate-portal,"openphish,phishtank",feed_domain
https://photsinsstagrmss.weebly.com/,"openphish,phishtank",feed_domain
https://hdhep.weebly.com/,"openphish,phishtank",feed_domain
https://outlookweb006.weebly.com/,"openphish,phishtank",feed_domain
https://skymaiilservice.weebly.com/,"openphish,phishtank",feed_domain
https://wonderful-customers-149426.framer.app/,"openphish,phishtank",feed_domain
https://webmail-spectrum-net-login.framer.ai/,"openphish,phishtank",feed_domain
https://contextual-direction-607507.framer.app/,"openphish,phishtank",feed_domain
https://thoughtful-galaxy-390661.framer.app/,"openphish,phishtank",feed_domain
http://delicious-yards-534105.framer.app/,openphish,feed_domain
http://visual-mango-396940.framer.app/,openphish,feed_domain
https://d2dfc544-399b-45a9-8d61-2d0e4f9e452e-00-1udgw3ohkf664.riker.replit.dev/index.html,openphish,feed_domain
http://exodus-help-wlt-chiky.wasmer.app/,"openphish,phishtank",feed_domain
http://r6l352kjzvgku.mocha.app/,openphish,feed_domain
https://solicitudenlineabcol.duckdns.org/,"openphish,phishtank",feed_domain
http://com-exodus-wallet.wasmer.app/,openphish,feed_domain
http://mateladepormhub.phemayameltahub.site/reboot-stress-bootstrap-maintain-tuning,openphish,feed_domain
http://mateladepormhub.phemayameltahub.site/incident-migrate-strict-linux-trigger-vault-clean,openphish,feed_domain
http://mateladepormhub.phemayameltahub.site/public-authorize-hardware-service-peer-realtime,openphish,feed_domain
http://mateladepormhub.phemayameltahub.site/window-facade-flow-redundant-hardening,openphish,feed_domain
http://mateladepormhub.phemayameltahub.site/monitor-library-message-mesh-reserve-io-graph,openphish,feed_domain
http://mateladepormhub.phemayameltahub.site/tensor-nextgen-umbrella-simulate-schedule,openphish,feed_domain
http://mateladepormhub.phemayameltahub.site/topology-message-interface-memory-tuning-strict-throughput,openphish,feed_domain
http://starttrejor-io-usa.wasmer.app/,openphish,feed_domain
https://www.roblox.com.ml/users/237425451855/profile/,openphish,feed_domain
http://a01i-w3bm1a10.wasmer.app/,openphish,feed_domain
https://lnk.ink/seurentregada,openphish,feed_domain
https://lnk.ink/SEUR.ES,"openphish,phishtank",feed_domain
https://pcbnr.jdevcloud.com/,openphish,feed_domain
https://pcbnr.jdevcloud.com//chili/boss/bien/msg.php,"openphish,phishtank",feed_domain
http://sancionesgobhgf.com/msg.php,openphish,feed_domain
http://sancionesgobhgf.com/,openphish,feed_domain
https://zedeliveryoficial.vercel.app/,"openphish,phishtank",feed_domain
http://a01l1-a01lw3bma1l.wasmer.app/,"openphish,phishtank",feed_domain
https://rhdqloaxxgnp.top/cache/runtime/modules/core/8a73cd91ef25b641,"openphish,phishtank",feed_domain
https://rqjuvheylyd.top/system/configuration/environment/production/application/services,"openphish,phishtank",feed_domain
http://small-desktop-233616.framer.app/,openphish,feed_domain
http://logical-example-931988.framer.app/,openphish,feed_domain
http://apply-on-free-here.surge.sh/,openphish,feed_domain
http://free-blue-verified-badge.surge.sh/,openphish,feed_domain
https://badge-free-lifetime-verified.surge.sh/,"openphish,phishtank",feed_domain
https://submit-your-form-here.surge.sh/,"openphish,phishtank",feed_domain
https://magalupromocoes-grupodeoferta.vercel.app/,"openphish,phishtank",feed_domain
https://1548789459.github.io/magalu/,"openphish,phishtank",feed_domain
https://1548789459.github.io/magalu2/,openphish,feed_domain
https://paypal-secure.vercel.app/,"openphish,phishtank",feed_domain
https://urlshort-linkms1se3cttal0.yi6x7whfkr.workers.dev/3j7qel,"openphish,phishtank",feed_domain
http://urlshort-linkmri0hvgk5adv.8go.workers.dev/site/elster-mein-i1xm7l,openphish,feed_domain
https://urlshort-linkmrrwjc0kdzql.esu2n5lwqi.workers.dev/site/elster-mein-46oz4q,"openphish,phishtank",feed_domain
http://mateladepormhub.phemayameltahub.site/shield-guard-security-deploy-poll-dedupe,openphish,feed_domain
http://mateladepormhub.phemayameltahub.site/core-vulnerability-virtual-render-unity,openphish,feed_domain
http://mateladepormhub.phemayameltahub.site/service-syntax-lambda-sign-security-feature,openphish,feed_domain
http://mateladepormhub.phemayameltahub.site/ssl-waf-virus-mesh-tunnel,openphish,feed_domain
http://mateladepormhub.phemayameltahub.site/,"openphish,phishtank",feed_domain
http://mateladepormhub.phemayameltahub.site/wrapper-forward-keychain-fullstack-valid-modem-incident,openphish,feed_domain
http://mateladepormhub.phemayameltahub.site/isolate-load-field-peer-gateway-upgrade-local,openphish,feed_domain
http://mateladepormhub.phemayameltahub.site/enable-import-buffer-file-iot-config-embedding,openphish,feed_domain
http://mateladepormhub.phemayameltahub.site/overhead-orchestrate-purpose-sensor-migrate-restrict-fault,openphish,feed_domain
http://mateladepormhub.phemayameltahub.site/scope-benchmark-resolve-restore-config-backend,openphish,feed_domain
http://mateladepormhub.phemayameltahub.site/json-insight-trigger-inventory-diagnostic-journal,openphish,feed_domain
https://sg1932.craftum.io/,"openphish,phishtank",feed_domain
https://cg112322.tw1.ru/,"openphish,phishtank",feed_domain
http://instagramhelp.whf.bz/,openphish,feed_domain
https://www.robiox.com.py/users/217056826743/profile,openphish,feed_domain
https://enlineabdv--bdv-2026.replit.app/,"openphish,phishtank",feed_domain
https://disabled-peach-m28zu4sp.edgeone.dev/,openphish,feed_domain
https://did.li/FFZx5,openphish,feed_domain
https://site-qqywn2us1.godaddysites.com/,"openphish,phishtank",feed_domain
http://groooufffgruisbdj.duckdns.org/,openphish,feed_domain
https://www.robiox.com.py/users/493553630763/profile,openphish,feed_domain
https://infos-reprommation.bolt.host/,"openphish,phishtank",feed_domain
https://www.roblox.com.ml/users/475443188363/profile,openphish,feed_domain
https://frouuufacturearz.duckdns.org/,"openphish,phishtank",feed_domain
http://reactivarwhats.webcindario.com/index.html,"openphish,phishtank",feed_domain
https://bafkreifbjj5deo7vk6jb7oxalhfkv2jgm4kxgbpbjiuhsras5jqeyjbmam.ipfs.dweb.link/,"openphish,phishtank",feed_domain
https://snifferip.com/24MW4.png,openphish,feed_domain
https://www.r.oblox.com.et/users/2020327795/profile,openphish,feed_domain
https://www.roblox.com.ml/users/484617257254/profile,openphish,feed_domain
http://many-future-715254.framer.app/,openphish,feed_domain
https://www.roblox.com.ml/users/380729738364/profile,openphish,feed_domain
https://www.roblox.com.ml/users/458882507751/profile,openphish,feed_domain
https://www.roblox.com.ml/games/13831863192/Neko-Infection?privateServerLinkCode=151211303731889778137993392281,openphish,feed_domain
https://www.robiox.com.py/users/444566746237/profile,openphish,feed_domain
http://diplomatic-community-043647.framer.app/,openphish,feed_domain
https://www.roblox.com.et/users/196173259861/profile,openphish,feed_domain
https://submission-suit.surge.sh/,"openphish,phishtank",feed_domain
https://help-centre-resolve-restrictions-review-point.surge.sh/index.html,openphish,feed_domain
http://submit-req-now1.surge.sh/,openphish,feed_domain
http://request-submit-here-form.surge.sh/,openphish,feed_domain
https://help-centre-resolve-restrictions-review-point.surge.sh/,"openphish,phishtank",feed_domain
http://remove-violations.surge.sh/index.html,openphish,feed_domain
http://user-remove-restriction-request-now.surge.sh/,"openphish,phishtank",feed_domain
https://www.roblox.com.ml/users/337233042356/profile,openphish,feed_domain
https://www.robiox.com.py/users/263356941849/profile,openphish,feed_domain
http://auth-spectrum-net-login09.framer.ai/,openphish,feed_domain
http://did.li/nEZx5,openphish,feed_domain
http://robiox.com.ps/,"openphish,phishtank_kaggle",feed_domain
http://silly-studies-327811.framer.app/,openphish,feed_domain
http://amigosdelasantacruz-commits.github.io/instagram,"openphish,phishtank",feed_domain
https://www.roblox.com.ml/users/274708182444/profile,openphish,feed_domain
http://successful-colors-257629.framer.app/,openphish,feed_domain
http://vo.la/TukgeLp,openphish,feed_domain
https://oki.jtu.mybluehost.me/wp-includes/fonts/Netflix/account/index.asp.php,openphish,feed_domain
http://mateladepormhub.phemayameltahub.site/wrapper-forward-keychain-fullstack-valid-m...,openphish,feed_domain
http://mateladepormhub.phemayameltahub.site/overhead-orchestrate-purpose-sensor-migrat...,openphish,feed_domain
http://mateladepormhub.phemayameltahub.site/enable-import-buffer-file-iot-config-embed...,openphish,feed_domain
http://mateladepormhub.phemayameltahub.site/echo-radius-context-meta-emulate-advanced-...,openphish,feed_domain
http://mateladepormhub.phemayameltahub.site/json-insight-trigger-inventory-diagnostic-...,openphish,feed_domain
https://site-18eepfj9u.godaddysites.com/,"openphish,phishtank",feed_domain
https://urasenkesydney.org.au/wp/wp-content/INFOS,"openphish,phishtank",feed_domain
http://www.roblox.com.ml/users/316497273113/profile/,openphish,feed_domain
http://mateladepormhub.phemayameltahub.site/kernel-reliable-radius-captcha-decrypt-autoscale-containerize,openphish,feed_domain
http://mateladepormhub.phemayameltahub.site/segment-version-pipeline-async-launch,openphish,feed_domain
http://mateladepormhub.phemayameltahub.site/port-path-file-unified-iot-binary,openphish,feed_domain
http://mateladepormhub.phemayameltahub.site/asset-api-clean-request-simulate-epoch-analytics,openphish,feed_domain
https://activity.octofrost.com/SHIPMENT_DHL.html,"openphish,phishtank",feed_domain
https://webmail-spectrumlogin-zimbremr.framer.website/,"openphish,phishtank",feed_domain
https://eu2.contabostorage.com/289e5c6e687146c3820b35557177a380:siling/stanlyg11.htm,openphish,feed_domain
https://www.roblox.com.ml/users/283237397601/profile,openphish,feed_domain
https://www.roblox.com.ml/users/413899391385/profile/,openphish,feed_domain
https://www.roblox.com.ml/users/244578528651/profile,openphish,feed_domain
http://roblox.com.mu/communities/4351447174/TradingXPlayerRO,openphish,feed_domain
https://roblox.com.mu/communities/1036405788/darch,openphish,feed_domain
https://roblox.com.mu/communities/8596829885/SQUIDDY,openphish,feed_domain
https://roblox.com.mu/users/8880414661/profile,openphish,feed_domain
http://u.to/steam/C9qkIg,openphish,feed_domain
https://www.5mp.eu/fajlok2/saopoulo/index_www.5mp.eu_.html,openphish,feed_domain
http://make-courgette-949087.framer.app/,openphish,feed_domain
http://delightful-home-526187.framer.app/,openphish,feed_domain
http://tiny.cc/3hy5101,openphish,feed_domain
http://u.to/roblox-com-users-726462984-profile/6j2iIg,openphish,feed_domain
https://www.roblox.com.ml/users/303186023437/profile,openphish,feed_domain
https://www.r.oblox.com.et/users/2694960147/profile,openphish,feed_domain
https://to.lk/MkmAzg,openphish,feed_domain
https://site-i29ewn21k.godaddysites.com/,"openphish,phishtank",feed_domain
https://www.roblox.com.et/users/285912459658/profile,openphish,feed_domain
https://vaac.club/Verista/download.html,"openphish,phishtank",feed_domain
https://www.roblox.com.mu/games/136609432705944/Bubble-Battles?privateServerLinkCode=66499625379400317969371164066475,openphish,feed_domain
https://usc1.contabostorage.com/cc5b4ed1cd0c4a71b3e0acde77b5f3ed:pagee/myweb-secure.html,openphish,feed_domain
http://mateladepormhub.phemayameltahub.site/incident-migrate-strict-linux-trigger-vaul,openphish,feed_domain
http://sgin12-dhl.mdbgo.io/,openphish,feed_domain
https://mybt-payment-107385-109649.square.site/,"openphish,phishtank",feed_domain
https://www.roblox.com.ml/users/237327868596/profile,openphish,feed_domain
https://af83c2f7-e94f-4908-9e04-6e96269d358a-00-3m1tfo9zpuwcp.picard.replit.dev/index2.html,"openphish,phishtank",feed_domain
http://signinneflixpayment-reminders.vercel.app/,openphish,feed_domain
https://manage-kucoin-en.framer.ai/,"openphish,phishtank",feed_domain
http://ledger-wallets-auth-edges.vercel.app/ledger%20form/index.html,openphish,feed_domain
http://ledger-wallets-auth-graphical.vercel.app/ledger%20form/index.html,openphish,feed_domain
https://casadaluzvermelha.com.br/collision-invoice/download.html,"openphish,phishtank",feed_domain
https://bmt.mjf.mybluehost.me/wp-includes/san/login.php?????SAHJDGASJHDFJHASDFHJSAUIDASGDJ,"openphish,phishtank",feed_domain
https://qualitybh.art.br/fil/sd/,"openphish,phishtank",feed_domain
https://todaybengaliduiserial.blogspot.com/,"openphish,phishtank",feed_domain
https://www.roblox.com.ml/users/378449445836/profile,openphish,feed_domain
http://vast-level-897442.framer.app/,openphish,feed_domain
http://xfinityneete.framer.website/,openphish,feed_domain
https://www.roblox.com.ml/users/274132882473/profile,openphish,feed_domain
http://wonderful-alpaca-9820bc.netlify.app/,"openphish,phishtank",feed_domain
http://webmail1-earthlink-net-newvoicemessage.framer.website/,openphish,feed_domain
http://wellsfargo-worl.vercel.app/,openphish,feed_domain
https://www.r.oblox.com.et/users/7400871224/profile,openphish,feed_domain
http://true-methodologies-453136.framer.app/,openphish,feed_domain
http://thrilled-beautifully-508448.framer.app/,openphish,feed_domain
http://talktalkwebmailupdate.framer.website/,openphish,feed_domain
http://simple-methodologies-764242.framer.app/,openphish,feed_domain
http://spectrumemailupdateme.framer.website/,openphish,feed_domain
http://startweb.framer.website/logun,openphish,feed_domain
http://spiffy-snickerdoodle-d7067b.netlify.app/,"openphish,phishtank",feed_domain
http://sensational-paletas-10b35a.netlify.app/,"openphish,phishtank",feed_domain
https://txd.36a.mytemp.website/txd36a/xonx/currently,"openphish,phishtank",feed_domain
http://rainbow-bunny-860d07.netlify.app/,"openphish,phishtank",feed_domain
http://practical-phone-378659.framer.app/,openphish,feed_domain
http://particular-reassurance-715713.framer.app/,openphish,feed_domain
http://pretty-aspects-327675.framer.app/,openphish,feed_domain
https://www.roblox.com.mu/users/8769593945/profile,openphish,feed_domain
http://numerous-meerkat-769463.framer.app/,openphish,feed_domain
http://ndax-sign-inn.webflow.io/,openphish,feed_domain
http://multiple-walkthroughs-956359.framer.app/,openphish,feed_domain
https://faqtrezowalltt.typedream.app/,"openphish,phishtank",feed_domain
https://www.robiox.com.py/users/145110215807/profile,openphish,feed_domain
https://yaykiranotomotiv.com/images/ladztwi/aqxlzrd/uf1xptz/security/dmlkorea.html,openphish,feed_domain
https://www.roblox.com.mu/communities/6205539373/THZ-Community,openphish,feed_domain
https://trizorbridge.wasmer.app/,"openphish,phishtank",feed_domain
https://www.vam-sa.pt/forms/manice.html,"openphish,phishtank",feed_domain
http://newone101.framer.website/,openphish,feed_domain
https://www.roblox.com.mu/users/5854120674/profile,openphish,feed_domain
https://www.roblox.com.ml/users/367307911575/profile,openphish,feed_domain
http://netflixfree2024.blogspot.com/,openphish,feed_domain
https://ynvcxcv.vercel.app/,"openphish,phishtank",feed_domain
https://absicherung-kontakt.com/unavailable,"openphish,phishtank",feed_domain
http://absicherung-kontakt.com/,openphish,feed_domain
http://validarya2026.webcindario.com/,openphish,feed_domain
https://secure-static-page--andrewkhan89.replit.app/,"openphish,phishtank",feed_domain
https://s4w.in/www-roblox-com-users-32721670154-profile,openphish,feed_domain
http://calm-perspective-580819.framer.app/,openphish,feed_domain
http://chocolate-advantage-077384.framer.app/,openphish,feed_domain
https://macaxis.us.cc/5g,openphish,feed_domain
https://maczixs.us.cc/5g,openphish,feed_domain
http://netflixpaymentportalsa.zite.so/,openphish,feed_domain
http://goo.su/mascixs,openphish,feed_domain
http://goo.su/meaxsis,openphish,feed_domain
https://meaxsis.us.cc/5g/home.html,"openphish,phishtank",feed_domain
https://maczixs.us.cc/5g/home.html,"openphish,phishtank",feed_domain
http://goo.su/mdacxls,openphish,feed_domain
https://macaxis.us.cc/5g/home.html,"openphish,phishtank",feed_domain
http://goo.su/macaxis,openphish,feed_domain
https://congrts-invite-blue-badge.surge.sh/,"openphish,phishtank",feed_domain
https://come.ac/ri96o,openphish,feed_domain
http://yahoorogersverify.netlify.app/,openphish,feed_domain
http://xfinityajsj-pao.weebly.com/,openphish,feed_domain
http://guiaemfoco.com.br/xinfinifix/xinfini/,openphish,feed_domain
https://fuz.za.com/metalworkservice/index.php,openphish,feed_domain
http://158-158-1-61.cprapid.com/pl/update.php,openphish,feed_domain
https://robiox.com.ps/communities/6445822860/muddogs,openphish,feed_domain
https://www.roblox.com.mu/communities/2351258932/EVADE,openphish,feed_domain
https://www.robiox.com.py/users/227672594777/profile,openphish,feed_domain
http://phemayameltahub.site/wp-includes/pomo/ini_db-update.php,"openphish,phishtank",feed_domain
https://www.roblox.com.ml/users/360584780383/profile,openphish,feed_domain
http://metanask-download.com/metamask/welcome.php,openphish,feed_domain
http://serene-tools-866048.framer.app/,openphish,feed_domain
http://peaceful-copy-420603.framer.app/,openphish,feed_domain
http://quiet-tulip-244862.framer.app/,openphish,feed_domain
http://securechaseonline.vercel.app/,openphish,feed_domain
http://cyan-ice-675590.framer.app/,openphish,feed_domain
http://site-bqurjatch.godaddysites.com/,openphish,feed_domain
http://tr.ee/AYHJxe,openphish,feed_domain
http://tr.ee/2XEUVq,openphish,feed_domain
http://u.to/roblox-com-users-350357745-profile/oc_YIg,openphish,feed_domain
http://asfmvcxk.eu.cc/es,openphish,feed_domain
http://kconnlogoc.webflow.io/,"openphish,phishtank",feed_domain
http://adventurous-phone-453873.framer.app/,openphish,feed_domain
http://robiox.com.ps/users/6640398912/profile,openphish,feed_domain
https://www.robiox.com.py/users/153880326888/profile,openphish,feed_domain
https://studioixografiseon.gr/ok/,"openphish,phishtank",feed_domain
https://tsngtfvfr.eu.cc/es,"openphish,phishtank",feed_domain
https://dsdsgtrtt.eu.cc/es,"openphish,phishtank",feed_domain
https://dsdsgtrrr.eu.cc/es,"openphish,phishtank",feed_domain
https://asfmvcxksts.eu.cc/es,"openphish,phishtank",feed_domain
https://www.roblox.com.ml/users/477525539632/profile,openphish,feed_domain
http://systemallianceinnovation.weebly.com/,openphish,feed_domain
https://talktalknetwor.weebly.com/,"openphish,phishtank",feed_domain
http://webmail-slposta-sk-owa.weebly.com/,openphish,feed_domain
https://xfinitymaiilaccount.weebly.com/,"openphish,phishtank",feed_domain
https://nbhgtg67yyh.weebly.com/,"openphish,phishtank",feed_domain
https://geastweq.weebly.com/,"openphish,phishtank",feed_domain
https://ksjkhgjunomailjkdgvbjkg26.weebly.com/,"openphish,phishtank",feed_domain
https://letgethnd.weebly.com/,"openphish,phishtank",feed_domain
https://hrndumssn.weebly.com/,"openphish,phishtank",feed_domain
https://robiox.com.ps/users/3899156677/profile,openphish,feed_domain
https://bernavi-gld-lentora-p4t6fq97.pages.dev/...,openphish,feed_domain
https://sp19ct7-farek-biz-dulen-koris.pages.dev/...,openphish,feed_domain
https://www.roblox.com.mu/communities/9835817242/Devioury,openphish,feed_domain
http://other-aqua-2qb7qzos.edgeone.app/,openphish,feed_domain
http://185-217-0-181.ip.obe.net/,"openphish,phishtank",feed_domain
https://whatsapp-correo.webcindario.com/,"openphish,phishtank",feed_domain
https://statutory-blush-jnxb8kdq.edgeone.dev/,"openphish,phishtank",feed_domain
http://reactivate365xs.webcindario.com/,openphish,feed_domain
http://justcharterupdate.framer.website/,openphish,feed_domain
http://intelligent-fact-583157.framer.app/,openphish,feed_domain
http://noble-yak-959506.framer.app/,openphish,feed_domain
http://poetic-raindrop-6b2d15.netlify.app/,"openphish,phishtank",feed_domain
https://malxisk.us.cc/5g,openphish,feed_domain
http://ledger-wallet.vercel.app/,"openphish,phishtank",feed_domain
http://apps-uhold-cdn.square.site/,openphish,feed_domain
http://cool-hummingbird-0ff756.netlify.app/,"openphish,phishtank",feed_domain
https://www.roblox.com.mu/login?returnUrl=2579968364276051,openphish,feed_domain
https://www.dc.crsorgi.gov.in.index.crs.certificate4.com/general-publi,openphish,feed_domain
https://info.cloudinfolibrary.com/c/1pU4vePmTo0k8GAL33G7uxvxmza,openphish,feed_domain
https://goo.su/lVUOJ,openphish,feed_domain
https://757cd1be-caf3-4f80-a41c-cce6f5c7cf14-00-n6g9vgcw7z72.spock.replit.dev/,"openphish,phishtank",feed_domain
https://quick-blue-tick.surge.sh/,"openphish,phishtank",feed_domain
https://malxisk.us.cc/5g/home.html,"openphish,phishtank",feed_domain
https://macxxis.us.cc/5g/home.html,"openphish,phishtank",feed_domain
https://mascixs.us.cc/5g/home.html,"openphish,phishtank",feed_domain
https://mdacxls.us.cc/5g/home.html,"openphish,phishtank",feed_domain
http://kaitaaskjdjkx123x123.cfd/,openphish,feed_domain
https://eddmailproccessing001.weebly.com/,"openphish,phishtank",feed_domain
https://www.letoner.ma/mail/CODEdocument-access-verify.html,"openphish,phishtank",feed_domain
https://lnk.ink/www.robIox.com.users-314519220814.profile,openphish,feed_domain
https://www.roblox.com.mu/users/1343922486/profile,openphish,feed_domain
https://www.roblox.com.ml/users/135177388720/profile,openphish,feed_domain
https://www.robiox.com.py/users/143457657575/profile,openphish,feed_domain
https://nykesmalteria.com.br/real/f6ba0594-0290ddd-12096a-ad270d4-167b4d-4f3e39.html?wB4HZhx2jxsUrCK6lmQCxpD85yuMneLCsxHt2sUmMnQpYUzfizGdWtXQiEvnWCz2fAAgdgmpExQTP2mSyj2DfEUWIpH0ScDfoEH3oChdWkw2ONiY8HAtgzeemb6f7iQR3BaZF,"openphish,phishtank",feed_domain
https://free-5522654.webadorsite.com/,"openphish,phishtank",feed_domain
https://shaggy-tenets-541262.framer.app/,"openphish,phishtank",feed_domain
https://security-page-builder--lynnsspins.replit.app/,"openphish,phishtank",feed_domain
https://www.roblox.com.mu/communities/6394753786/M2THEBEST,openphish,feed_domain
https://www.roblox.com.ml/users/309260254385/profile,openphish,feed_domain
https://www.roblox.com.ml/games/72845937010155/Gear-Slap-Tower?privateServerLinkCode=696538372872322666848612753984,openphish,feed_domain
http://www.roblox.com.ml/users/348554729285/profile/,openphish,feed_domain
http://notification-543721b.com/ing/,openphish,feed_domain
https://notification-543721b.com/ing/access/delogin/login.php?verification,openphish,feed_domain
http://mateladepormhub.phemayameltahub.site/json-insight-trigger-inventory-diagnostic,openphish,feed_domain
https://www.robiox.com.py/users/426471254786/profile,openphish,feed_domain
https://mgixyal.us.cc/4g/home.html,"openphish,phishtank",feed_domain
https://www.roblox.com.ml/users/121933273967/profile,openphish,feed_domain
http://mateladepormhub.phemayameltahub.site/compliance-cipher-advanced-tensor-syslog-session,openphish,feed_domain
http://mateladepormhub.phemayameltahub.site/echo-radius-context-meta-emulate-advanced-value,openphish,feed_domain
https://www.robiox.com.ps/games/93978595733734/CURE-Violence-District?privateServerLinkCode=36556030160687252504869019160255,openphish,feed_domain
http://mateladepormhub.phemayameltahub.site/file-render-tunnel-mirror-master-usage,openphish,feed_domain
https://www.depotvnteashrouf.duckdns.org/,"openphish,phishtank",feed_domain
https://udhayarraj619-art.github.io/indtagram-login/,"openphish,phishtank",feed_domain
http://www.roblox.com.mu/users/5425955430/profile/,openphish,feed_domain
https://www.robiox.com.py/users/108632759142/profile,openphish,feed_domain
https://supportlineupgradeser.weebly.com/,"openphish,phishtank",feed_domain
http://mateladepormhub.phemayameltahub.site/public-authorize-hardware-,openphish,feed_domain
https://www.roblox.com.mu/users/7007385310/profile,openphish,feed_domain
http://faccebook.com.vn/dwkCzINNXKf?a&l,openphish,feed_domain
https://www.roblox.com.ml/users/101415380195/profile,openphish,feed_domain
https://deepika-m-06.github.io/instagram,"openphish,phishtank",feed_domain
https://robiox.com.ps/users/6906420870/profile,openphish,feed_domain
https://ezjvqpj.com/doc/1/Windows/ms-store.php,"openphish,phishtank",feed_domain
http://mateladepormhub.phemayameltahub.site/incident-migrate-strict-linux-trigger-vaul...,openphish,feed_domain
https://www.robiox.com.py/users/246319480611/profile,openphish,feed_domain
https://netzeroupdateterms9.weebly.com/,"openphish,phishtank",feed_domain
https://ew4rt.weebly.com/,"openphish,phishtank",feed_domain
https://jengbetieleajantiele.weebly.com/,"openphish,phishtank",feed_domain
https://webmail-pieas-edu-pk.weebly.com/,"openphish,phishtank",feed_domain
https://talknetformhrir57757571.weeblysite.com/,"openphish,phishtank",feed_domain
https://prime-fact75875.com/,"openphish,phishtank",feed_domain
http://roblox.com.mu/users/5392150789/profile,openphish,feed_domain
https://glowing-gibbon-300775.framer.app/,"openphish,phishtank",feed_domain
http://m2icrosfoftonilelogin.framer.website/,openphish,feed_domain
http://fuchsia-graphs-773214.framer.app/,openphish,feed_domain
https://comprehensive-embeds-989109.framer.app/,"openphish,phishtank",feed_domain
https://silly-card-849458.framer.app/,"openphish,phishtank",feed_domain
https://specific-product-867778.framer.app/,"openphish,phishtank",feed_domain
https://prosperous-breakfast-387603.framer.app/,"openphish,phishtank",feed_domain
https://favorite-guava-958784.framer.app/,"openphish,phishtank",feed_domain
https://talktalkmillller.weebly.com/,"openphish,phishtank",feed_domain
https://telstratedyt.weebly.com/,"openphish,phishtank",feed_domain
https://specific-narwhal-903456.framer.app/,"openphish,phishtank",feed_domain
https://reptioli.weebly.com/,"openphish,phishtank",feed_domain
https://aquaaa7328opposs.weebly.com/,"openphish,phishtank",feed_domain
https://foolish-leaders-968365.framer.app/,"openphish,phishtank",feed_domain
http://eternal-team-881838.framer.app/,openphish,feed_domain
https://tubhd.frappe.cloud/tubhd2026,"openphish,phishtank",feed_domain
https://verifymymailxfinity.weebly.com/,"openphish,phishtank",feed_domain
https://mailteam653.weebly.com/,"openphish,phishtank",feed_domain
https://talktalkfghdfge234.weebly.com/,"openphish,phishtank",feed_domain
http://roblox.com.mu/communities/9432513592/g-share,openphish,feed_domain
https://adminnnnnwebb.weebly.com/,"openphish,phishtank",feed_domain
https://himthermo.weebly.com/,"openphish,phishtank",feed_domain
https://vvajhhsxxzk4e8483jxxjs.weebly.com/,"openphish,phishtank",feed_domain
https://tr4657tfrde46ydhyggerfde.weebly.com/,"openphish,phishtank",feed_domain
https://xxchangeonline.weebly.com/,"openphish,phishtank",feed_domain
https://xfinitywer.weebly.com/,"openphish,phishtank",feed_domain
https://telstraawerbmaill.weebly.com/,"openphish,phishtank",feed_domain
https://lotmail02.weebly.com/,"openphish,phishtank",feed_domain
https://signuupoutlook.weebly.com/,"openphish,phishtank",feed_domain
https://www.roblox.com.mu/users/764884482/profile,openphish,feed_domain
https://xfinitymail2026.weebly.com/,"openphish,phishtank",feed_domain
https://ausiestatement.weebly.com/,"openphish,phishtank",feed_domain
https://checkingmaildaily.weebly.com/,"openphish,phishtank",feed_domain
https://kskskjsjsjsks.weebly.com/,"openphish,phishtank",feed_domain
https://admin-care-centeranetseurereviewaccounttoday.square.site/,"openphish,phishtank",feed_domain
https://lower-forms-047117.framer.app/,"openphish,phishtank",feed_domain
https://hdoosde.weebly.com/,"openphish,phishtank",feed_domain
https://updatextraconzsecure.weebly.com/,"openphish,phishtank",feed_domain
https://talktalkupdate2026.framer.ai/,"openphish,phishtank",feed_domain
https://x-fy.weebly.com/,"openphish,phishtank",feed_domain
https://eastlinkghhfjf.weebly.com/,"openphish,phishtank",feed_domain
https://bfghfgrfrfgh655fef.weebly.com/,"openphish,phishtank",feed_domain
https://aqua-millions-761930.framer.app/,"openphish,phishtank",feed_domain
https://left-pitch-487249.framer.app/,"openphish,phishtank",feed_domain
https://static-decisions-424911.framer.app/,"openphish,phishtank",feed_domain
https://enchanted-darlings-194810.framer.app/,"openphish,phishtank",feed_domain
https://auchomage.framer.website/,"openphish,phishtank",feed_domain
https://artsy-umbrella-211586.framer.app/,"openphish,phishtank",feed_domain
https://indigo-difference-130061.framer.app/,"openphish,phishtank",feed_domain
https://marvelous-building-703227.framer.app/,"openphish,phishtank",feed_domain
https://resourceful-taxonomy-494854.framer.app/,"openphish,phishtank",feed_domain
https://warmhearted-gazelle-836856.framer.app/,"openphish,phishtank",feed_domain
https://energized-grapefruit-585921.framer.app/,"openphish,phishtank",feed_domain
https://item.ehay.com.login.secures-wr8wsvzt.construccionesjlfabririssas.com/,"openphish,phishtank",feed_domain
https://meta8wkx-noticefb241754.vercel.app/,"openphish,phishtank",feed_domain
https://sin1.contabostorage.com/d96fc17aeb3741e493b2e5b3a72a669f:appsuiteuser-domainappio.oxmailfolderdefault0server0update/netvvorkservice-netsolappsuitep0rt.html,openphish,feed_domain
https://www.roblox.et/games/136609432705944/Bubble-Battles?privateServerLinkCode=52094747329170980456014687661179,openphish,feed_domain
https://www.roblox.com.ml/users/433131624045/profile,openphish,feed_domain
https://www.r.oblox.com.et/users/2661706558/profile,openphish,feed_domain
https://roblox.com.kz/share?code=70866209249101970327377432676230&type=Profile&source=ProfileShare&gameid=84515722934860,openphish,feed_domain
https://nice-gray-rmhnvluy.edgeone.dev/,"openphish,phishtank",feed_domain
https://www.robiox.com.ps/users/8507824409/profile,openphish,feed_domain
https://www.robiox.com.py/users/367511230771/profile,openphish,feed_domain
https://junkbegonedumpsters.com/wp-includes/theme-compat/rschxym/cmron1i/fhzpatq/sanctuary/fe.html,"openphish,phishtank",feed_domain
https://www.roblox.com.mu/users/2272738938/profile,openphish,feed_domain
https://allegrolokalnie.pl-44783.sbs/oferta/Hulajnoga-kukirin-G4-Jak-nowa/789698996,"openphish,phishtank",feed_domain
http://majdsuxi.us.cc/5g/home.html,openphish,feed_domain
https://miuh76g543-dpfg0dhrch27.edgeone.dev/,"openphish,phishtank",feed_domain
https://supersafed.standard.us-east-1.oortstorages.com/fitsal.cvz?eta=kelorx@e04c737e2dd29022671505ea2c186a2e77b4.net,openphish,feed_domain
https://www.robiox.com.py/users/378449445836/profile,openphish,feed_domain
https://paket.info.158-158-1-61.cpanel.site/pl/update.php?token=rr7e6uq2ook6aoxxt7q1,openphish,feed_domain
https://paket.info.158-158-1-61.cpanel.site/pl/kasse.php?2kh6by2fuuo3z,openphish,feed_domain
https://www.roblox.com.mu/users/6525325044/profile,openphish,feed_domain
https://s4w.in/www-roblox-com-users-321759054-profile,openphish,feed_domain
http://www.msg53.vercel.app/,"openphish,phishtank",feed_domain
https://tubdv--bdv-2026.replit.app/,"openphish,phishtank",feed_domain
https://www.roblox.com.ml/games/95082159892680/1-Speed-Keyboard-Escape-Candy-Chocolate?privateServerLinkCode=526938525425316553367781334898,openphish,feed_domain
https://novobanco.pt-clientes.com/,"openphish,phishtank",feed_domain
https://alkpomna122.github.io/instagram-phishing-demo,"openphish,phishtank",feed_domain
http://eu2.contabostorage.com/bd03d87f6a044ff6a3f5d44bc7048f92:mined/exgam-pup.htm,openphish,feed_domain
https://s4w.in/www-roblox-com-hk-users-440642328666-profile,openphish,feed_domain
https://www.roblox.com.ml/users/440642328666/profile,openphish,feed_domain
http://myxfinitymailorg.framer.website/,openphish,feed_domain
http://secure-page-editor--createforlife.replit.app/,openphish,feed_domain
http://home-103273-107092.weeblysite.com/,openphish,feed_domain
http://ca787478.tw1.ru/,"openphish,phishtank",feed_domain
http://xfinityconnnects.netlify.app/,openphish,feed_domain
http://gbiv.netlify.app/,"openphish,phishtank",feed_domain
http://fghfhfghyfg.weebly.com/,openphish,feed_domain
http://ledger-com-start-sso-web.typedream.app/,openphish,feed_domain
http://security-server-docs--govmentdded.replit.app/,openphish,feed_domain
http://secure-server-page--microsoftteam0.replit.app/,openphish,feed_domain
http://ledgecosnmtart.webflow.io/,openphish,feed_domain
http://bybitrifuhvidvjsdnkjvnsdjki.netlify.app/,"openphish,phishtank",feed_domain
http://bigframe.netlify.app/,"openphish,phishtank",feed_domain
https://www.roblox.com.ml/users/367353967395/profile,openphish,feed_domain
https://www.5mp.eu/fajlok2/catt/index_www.5mp.eu_.html,openphish,feed_domain
https://aizhara.apsny.land/assfv43/log.php?ip=205.188.37.3,openphish,feed_domain
https://prime-video.app/?token=85c2f056,openphish,feed_domain
https://eu2.contabostorage.com/bd03d87f6a044ff6a3f5d44bc7048f92:mined/exgam-az.htm,openphish,feed_domain
https://separate-apricot-hbdffwuz.edgeone.dev/?eta=,openphish,feed_domain
https://sin1.contabostorage.com/ab70d71dd53c4e37bde3d14e46c7ec40:webmailoxcs.networksolutionsemail.com.appsuiteappio567889765678/NetSolution%2027%20fx.html,openphish,feed_domain
https://s4w.in/https-www-roblox-com-users-8507824409-profile,openphish,feed_domain
https://shoutout.wix.com/so/9dP_hag48/c?w=i0HOHwEyzjox5V3jtBYfMAfXxWuVGGBxR7NSsv-Fxfs.eyJ1IjoiaHR0cHM6Ly9lZ3JjbG91ZC5jb20vb25saW5lLmh0bWwiLCJyIjoiMDc4NzlmY2MtNmJiNy00NjljLWEwNmMtMTc2NTk4ZDdlZDY2IiwibSI6Im1haWwiLCJjIjoiNGFiZDBmZmQtZDgzNy00OWE5LWI4MDgtMzA2ZGU5MWU5OWYzIn0,openphish,feed_domain
https://trackingservice.monday.com/tracker/link?token=eyJhbGciOiJIUzI1NiIsInR5cCI6IkpXVCJ9.eyJvcmlnaW5hbFVybCI6Imh0dHBzOi8vc2VjdXJldHJhY2tpYmcuYXRsYXNyLm1nL3Nwc3MvdHJhY2svIiwiZW1haWxJZCI6ImM1ZGUxMTE3LThkM2QtNDBmZi05NTI5LTYxYTRhZTBjYjE1ZCIsImlhdCI6MTc4NDc4NDE3N30.sp3n71ILs0V8KNIMoMoYMM3Yuf78MwPx_AXtVrXn4xs&r=euc1,openphish,feed_domain
http://connectsecurehomelaiding.weebly.com/,openphish,feed_domain
https://eu2.contabostorage.com/289e5c6e687146c3820b35557177a380:mine/SFcame-edd.htm,openphish,feed_domain
https://www.roblox.et/users/4965794538/profile?uq=eyJkZXZpY2VJZCI6ImRldmljZV85YjNiNDVmYS03NjFmLTQ0MGEtOGNmOC00N2Y2OTI1OTE1YjkiLCJoaWRkZW5fZmllbGRzIjp7InNvdXJjZV9wcm9kdWN0X2lkIjoiNTUwMTAxOCIsInNvdXJjZV9wcm9kdWN0X3R5cGUiOiJxcmNvZGUiLCJzb3VyY2VfcHJvZHVjdF9uYW1lIjoiVVJMIFFSIENvZGUifX0,openphish,feed_domain
https://allegrolokalnie.lokalna-9112.shop/oferta/Xbox-Series-X-1TB-2-kontrolery/760003010,"openphish,phishtank",feed_domain
https://www-sbcglobal-review.webflow.io/,"openphish,phishtank",feed_domain
https://verify-auth.s3.us-west-1.amazonaws.com/auth-veri.html?eta=salexx@c60a85c61ddedeae3f234b298e902d8215d2.com,openphish,feed_domain
https://s.team-p.my/p/atds-sgzt/wzxrliat,"openphish,phishtank",feed_domain
https://u.to/FFN1Ig,phishtank_kaggle,feed_domain
https://oki.jtu.mybluehost.me/wp-includes/blocks/archives/dhl/SEKK74,phishtank_kaggle,feed_domain
https://ipfs.io/ipfs/bafybeicydaf5ucorhk4asyz5uvx3nlqvsibewnp7qulwg2ztsxma255zke,phishtank_kaggle,feed_domain
https://usc1.contabostorage.com/bb4db6a8957449249948314d4b63d445:cpp/blobcp.html,"phishtank,phishtank_kaggle",feed_domain
https://tr.ee/UptAf6,phishtank_kaggle,feed_domain
https://ipfs.io/ipfs/bafkreiakdzbmdfdz7lzffpggpteqtay5vsini2snjwh5nerj4m3ourxzx4#a@b.com,phishtank_kaggle,feed_domain
https://ipfs.io/ipfs/bafybeieainw6zeiqsqimqfpf7zpiqzucc4q5k6lil6iq27rw7osyfe6dam/,phishtank_kaggle,feed_domain
https://ipfs.io/ipfs/bafkreibbystawfob22seuckn4eybgrn4d372y4bjz7d3rkoxt4zh6ixnpa,phishtank_kaggle,feed_domain
https://tr.ee/Zj1ZRh,phishtank_kaggle,feed_domain
https://tr.ee/FjSJ2i,phishtank_kaggle,feed_domain
https://tr.ee/8xlygo,phishtank_kaggle,feed_domain
http://ipfs.io/ipfs/bafkreibtj3lb2o25x6ztkcwke4e6742tqm4recoqy74xpgkgrestvmovkq#[email],phishtank_kaggle,feed_domain
https://ipfs.io/ipfs/bafkreibtj3lb2o25x6ztkcwke4e6742tqm4recoqy74xpgkgrestvmovkq,phishtank_kaggle,feed_domain
https://did.li/leumibank,phishtank_kaggle,feed_domain
https://usc1.contabostorage.com/bb4db6a8957449249948314d4b63d445:cpp/blobcp.html#a@b.com,"phishtank,phishtank_kaggle",feed_domain
https://ipfs.io/ipfs/bafkreibmtwvvsxatea5csxxbiois35murli4y7oqaajd2zsow5nfqmfzwm,phishtank_kaggle,feed_domain
https://to.lk/YOrgIP,"phishtank,phishtank_kaggle",feed_domain
https://to.lk/AmeHkd,"phishtank,phishtank_kaggle",feed_domain
https://to.lk/uHcdDC,"phishtank,phishtank_kaggle",feed_domain
https://tr.ee/M4TpQW,phishtank_kaggle,feed_domain
https://tr.ee/3noR0w,phishtank_kaggle,feed_domain
https://tr.ee/fuwqoS,phishtank_kaggle,feed_domain
https://did.li/leumi-he,"phishtank,phishtank_kaggle",feed_domain
https://ipfs.io/ipfs/QmRwzMmeHGtoJJCBkcxmg54eJdcrSPxPAiqkZiZZA2Di5v,phishtank_kaggle,feed_domain
https://did.li/phNx5,"phishtank,phishtank_kaggle",feed_domain
https://ipfs.io/ipfs/bafkreibx2p5dymfxvio2mn4jj3pysg7gkd2px5hyixmrbr2kc2no7qza3i/#a@b.com,phishtank_kaggle,feed_domain
https://trackingservice.monday.com/tracker/link?token=eyJhbGciOiJIUzI1NiIsInR5cCI6IkpXVCJ9.eyJvcmlnaW5hbFVybCI6Imh0dHBzOi8vZGtia29udGFrdGluZm9ybWF0aW9uZW4uc3ZpbHVwcG8uaG9zdC9vbiIsImVtYWlsSWQiOiJkZTQxNmRjNi0yOTgzLTRkZWYtYWI4Ny02NTQ4MWU0NjdlZTgiLCJpYXQiOjE3NzA3MTY2MDZ9.MH0EfoKbm0QD7CDjUdbxiT9xWh_kxcKJ0pToSYIJs7Q&r=euc1,phishtank_kaggle,feed_domain
https://ipfs.io/ipns/k51qzi5uqu5dkjr32p204f52etm98qvgqdkcoyl5vhpur0rzv3zabchzo0hx1y,phishtank_kaggle,feed_domain
https://ipfs.io/ipfs/bafybeihttja4q4zw6toafmdya3vk62wsbxj2m4u4vt2mmhinbfeuh6jaha,phishtank_kaggle,feed_domain
https://ipfs.io/ipfs/bafkreiei6o35kpstbh42j7t5pa6ldo5au6w4vpf5ca35y3j4zit3r4443e,phishtank_kaggle,feed_domain
https://trackingservice.monday.com/tracker/link?token=eyJhbGciOiJIUzI1NiIsInR5cCI6IkpXVCJ9.eyJvcmlnaW5hbFVybCI6Imh0dHBzOi8vZGtia29udGFrdGluZm9ybWF0aW9uZW4uc3ZpbHVwcG8uaG9zdC9vbiIsImVtYWlsSWQiOiIzZGM0NzUyNi03NjBmLTRhMGItYmJlMS05NTkzODI4MTAzZjAiLCJpYXQiOjE3NzA1NDkzNzF9.C2ic46IvEbTZ4goWWfSY4d64KJvA92tc-2BJBUqdnnQ&r=euc1,phishtank_kaggle,feed_domain
https://trackingservice.monday.com/tracker/link?token=eyJhbGciOiJIUzI1NiIsInR5cCI6IkpXVCJ9.eyJvcmlnaW5hbFVybCI6Imh0dHBzOi8vZGtia29udGFrdGluZm9ybWF0aW9uZW4uc3ZpbHVwcG8uaG9zdC9vbiIsImVtYWlsSWQiOiI5MmRlOWViOC01ODUxLTQwZWItODc0Zi0xZTgxODNiNzc3MTAiLCJpYXQiOjE3NzA1NDcyMDR9.kjMhEWFoxFoMPVbmKRexWgROn7qcx-5USs0otM73PAc&r=euc1,phishtank_kaggle,feed_domain
https://trackingservice.monday.com/tracker/link?token=eyJhbGciOiJIUzI1NiIsInR5cCI6IkpXVCJ9.eyJvcmlnaW5hbFVybCI6Imh0dHBzOi8vZGtia29udGFrdGluZm9ybWF0aW9uZW4uc3ZpbHVwcG8uaG9zdC9vbiIsImVtYWlsSWQiOiIyYTE1MzkxMS1lYjExLTQ5MWQtODE2YS1iMGNmZDYzZWYyMDgiLCJpYXQiOjE3NzA1NjA2NzN9.sprlnXbxGJa69KIPEOjtwB6tm8WaPfKymp96aNStpvs&r=euc1,"phishtank,phishtank_kaggle",feed_domain
https://did.li/kivsha,"phishtank,phishtank_kaggle",feed_domain
https://did.li/kivash,"phishtank,phishtank_kaggle",feed_domain
https://www.flow.page/tlcmgmt.com,"phishtank,phishtank_kaggle",feed_domain
https://did.li/ljwmC,"phishtank,phishtank_kaggle",feed_domain
https://ipfs.io/ipfs/bafkreibahjwuiv2qwqe5iraltodcucpfoz7uvuoh7ezb5t55qzunzcgaiy#petra.jisova@mup.cz,phishtank_kaggle,feed_domain
https://trackingservice.monday.com/tracker/link?token=eyJhbGciOiJIUzI1NiIsInR5cCI6IkpXVCJ9.eyJvcmlnaW5hbFVybCI6Imh0dHBzOi8vZGtia29udGFrdGluZm9ybWF0aW9uZW4uc3ZpbHVwcG8uaG9zdC9vbiIsImVtYWlsSWQiOiJmNTIyN2E5Ni04MTc1LTRkM2MtYmI5MC01YTJkMzNlY2QxNzEiLCJpYXQiOjE3NzAxOTgyMjd9.lcd_Wbs1PnWK8v_XgRxTu1VszJ_jwasGeMELNlmBMdo&r=euc1,phishtank_kaggle,feed_domain
https://trackingservice.monday.com/tracker/link?token=eyJhbGciOiJIUzI1NiIsInR5cCI6IkpXVCJ9.eyJvcmlnaW5hbFVybCI6Imh0dHBzOi8vZGtia29udGFrdGluZm9ybWF0aW9uZW4uc3ZpbHVwcG8uaG9zdC9vbiIsImVtYWlsSWQiOiIwNDdjNDBiOC1iMGVkLTQ2MmEtYTVhZi1kMjlmZGQ3MmU3ZGUiLCJpYXQiOjE3NzAxNjYxMjR9.5lyAAVtJqLb8FQUN6dqzFRBcwTS2ABDum6kVKxe3M8A&r=euc1,phishtank_kaggle,feed_domain
https://www.5mp.eu/fajlok2/update12/update14_www.5mp.eu_.html,phishtank_kaggle,feed_domain
http://trackingservice.monday.com/tracker/link?token=eyJhbGciOiJIUzI1NiIsInR5cCI6IkpXVCJ9.eyJvcmlnaW5hbFVybCI6Imh0dHBzOi8va29udGFrdGluZm9ybWF0aW9uZW4zLnN2aWx1cHBvLmhvc3Qvb24vIiwiZW1haWxJZCI6IjNmYTMxZjdhLTE3MDYtNDUxYS1hODUxLTc2MDAxYjZiZmY1MyIsImlhdCI6MTc2OTgwMDQzNn0.fl8Zq21OFfF5jtxhJo_C57m65drMXmwIukP4maoiGBU&r=euc1,phishtank_kaggle,feed_domain
https://trackingservice.monday.com/tracker/link?token=eyJhbGciOiJIUzI1NiIsInR5cCI6IkpXVCJ9.eyJvcmlnaW5hbFVybCI6Imh0dHBzOi8vcXJjb2RldmVsb3Blci5jb20vY29kZS9nZnRIWDZCMF8tUVUyZldWIiwiZW1haWxJZCI6IjM2NDdhZDQ4LWQ2MjEtNGJkYS04OWFkLTMyMTg1Mzc4ZjFhOCIsImlhdCI6MTc3MDExNDQ1NH0.4l-dXJ4GlLTN2PiUIUfZZLBioASKf42U21zakjpXr1g&r=euc1,"phishtank,phishtank_kaggle",feed_domain
https://trackingservice.monday.com/tracker/link?token=eyJhbGciOiJIUzI1NiIsInR5cCI6IkpXVCJ9.eyJvcmlnaW5hbFVybCI6Imh0dHBzOi8va29udGFrdGluZm9ybWF0aW9uZW4zLnN2aWx1cHBvLmhvc3Qvb24vIiwiZW1haWxJZCI6ImQ0MzVmNDNiLTYwY2UtNDg3Mi1iNjMxLTM1NDUzYWJkZjRiMiIsImlhdCI6MTc2OTc5OTM0N30.8n1LE0anbJr09zHzIxRzUamuGL5aPlyGGPMokedMDNs&r=euc1,phishtank_kaggle,feed_domain
https://trackingservice.monday.com/tracker/link?token=eyJhbGciOiJIUzI1NiIsInR5cCI6IkpXVCJ9.eyJvcmlnaW5hbFVybCI6Imh0dHBzOi8va29udGFrdGluZm9ybWF0aW9uZW4zLnN2aWx1cHBvLmhvc3Qvb24iLCJlbWFpbElkIjoiMjIzMTYyMDMtMWU2ZS00M2JkLWE5YmMtNjFkZDY1MDZmZDMwIiwiaWF0IjoxNzY5Njc4OTcyfQ.fAwt0EFQp2e560VKGVwLBxDoRUJIrLWyPsubO5f9SBs&r=euc1,phishtank_kaggle,feed_domain
https://trackingservice.monday.com/tracker/link?token=eyJhbGciOiJIUzI1NiIsInR5cCI6IkpXVCJ9.eyJvcmlnaW5hbFVybCI6Imh0dHBzOi8vcXJjb2RldmVsb3Blci5jb20vY29kZS9nZnRIWDZCMF8tUVUyZldWIiwiZW1haWxJZCI6IjQyNTUyZTVjLTJkNzEtNDFhMi04ZjZjLTU3MDI3NWYwN2QzNCIsImlhdCI6MTc3MDExMTAzNH0.aL6kzjfb1CZ7wVKngwHh17rRKfVix4nG0kkP9Kl705U&r=euc1,"phishtank,phishtank_kaggle",feed_domain
https://trackingservice.monday.com/tracker/link?token=eyJhbGciOiJIUzI1NiIsInR5cCI6IkpXVCJ9.eyJvcmlnaW5hbFVybCI6Imh0dHBzOi8vcXJjb2RldmVsb3Blci5jb20vY29kZS9nZnRIWDZCMF8tUVUyZldWIiwiZW1haWxJZCI6ImEyZjc3MjE4LWEzMTctNGE1YS1iYzMwLWQyM2Y0MTYwMmFmZiIsImlhdCI6MTc3MDEwOTgzM30.jjltmNBeaE6L74PykdHyxUCS1jROW9zHOzxD809TkUQ&r=euc1,"phishtank,phishtank_kaggle",feed_domain
https://tr.ee/tguHmX,phishtank_kaggle,feed_domain
https://trackingservice.monday.com/tracker/link?token=eyJhbGciOiJIUzI1NiIsInR5cCI6IkpXVCJ9.eyJvcmlnaW5hbFVybCI6Imh0dHBzOi8vczMudXMtZWFzdC0xLmFtYXpvbmF3cy5jb20vZXUtbm9ydGgtMS5jb25zb2xlLmF3cy5hbWF6b24uY29tYnVja2V0Y3JlYXRlYmx1ZWpheC9hamF4YnVpbGRpbmdsb2cuaHRtbCIsImVtYWlsSWQiOiI1MDM3YjUwMi05YjUwLTRmMWMtOGVjMS1lYjI2ZDJhYzU4NzEiLCJpYXQiOjE3NzAwMjIxMjh9.YqssJW5F0p_b2tCfx5PW21z6gSVvZPfJ6Bj6Fi3NY-g&amp;r=use1#abuse@cuni.cz,phishtank_kaggle,feed_domain
https://trackingservice.monday.com/tracker/link?token=eyJhbGciOiJIUzI1NiIsInR5cCI6IkpXVCJ9.eyJvcmlnaW5hbFVybCI6Imh0dHBzOi8va29udGFrdGluZm9ybWF0aW9uZW41LnN2aWx1cHBvLmhvc3Qvb24iLCJlbWFpbElkIjoiMTFjMGNkYWMtMTUwYi00MDI1LTk2NjYtODhhYWU1NThhYmNiIiwiaWF0IjoxNzY5OTY5NjA3fQ.lYaxhGM6GoUZOYbzOw_qnIlXxbyJTQRjsr_nLOxCz8E&r=euc1,phishtank_kaggle,feed_domain
https://trackingservice.monday.com/tracker/link?token=eyJhbGciOiJIUzI1NiIsInR5cCI6IkpXVCJ9.eyJvcmlnaW5hbFVybCI6Imh0dHBzOi8va29udGFrdGluZm9ybWF0aW9uZW41LnN2aWx1cHBvLmhvc3Qvb24iLCJlbWFpbElkIjoiNWEwMzgyNjItMmIyNy00ZmRlLTg0MTItYzk1OWM1NjIyZGVkIiwiaWF0IjoxNzY5OTc0MTg5fQ.xezeoMybqOxmigX2dCVC_ITH-b2Ljeoz505wxvFjvhU&r=euc1,phishtank_kaggle,feed_domain
https://trackingservice.monday.com/tracker/link?token=eyJhbGciOiJIUzI1NiIsInR5cCI6IkpXVCJ9.eyJvcmlnaW5hbFVybCI6Imh0dHBzOi8va29udGFrdGluZm9ybWF0aW9uZW4zLnN2aWx1cHBvLmhvc3Qvb24iLCJlbWFpbElkIjoiZmI2OTg4MWEtNGMyOC00MGNkLTlmOTMtYmZmODBlZTA4YzViIiwiaWF0IjoxNzY5ODYxMzE2fQ.DxYKzRDouzcifUOOMnK51cC7Whyu59_KfVGPAZ1mYbY&r=euc1,phishtank_kaggle,feed_domain
https://tr.ee/MTsPrF,phishtank_kaggle,feed_domain
https://trackingservice.monday.com/tracker/link?token=eyJhbGciOiJIUzI1NiIsInR5cCI6IkpXVCJ9.eyJvcmlnaW5hbFVybCI6Imh0dHBzOi8vZnluLnpveS50ZW1wb3Jhcnkuc2l0ZS9zbXAta29udG8vIiwiZW1haWxJZCI6IjkwNDNkYzJjLWRlOTgtNGY3Yi1iYjcwLTI4ZTJkOGQ5OWU0OCIsImlhdCI6MTc2OTk2MDMyNn0.0HVIt82b9QW4HBZay-5pk0Khw8gzzkS4mfmP4MW4Duk&amp;r=euc1,phishtank_kaggle,feed_domain
https://usc1.contabostorage.com/228d027f7ddd489091b5707bd5dcb288:gen/southgenz.html,"phishtank,phishtank_kaggle",feed_domain
https://ipfs.io/ipfs/bafybeiayvlbigflqb7zlqonlci4l3c6hvxvkiqz2rhmyiwrs7krkjupq5q/realwebmerone.html,phishtank_kaggle,feed_domain
https://tr.ee/4pI8Df,phishtank_kaggle,feed_domain
https://ipfs.io/ipfs/bafkreifdmc33l7trtqhequpljzm6mpkag65z4bhe6s2nczxwqd4nit5zqi/#a@b.com,phishtank_kaggle,feed_domain
https://trackingservice.monday.com/tracker/link?token=eyJhbGciOiJIUzI1NiIsInR5cCI6IkpXVCJ9.eyJvcmlnaW5hbFVybCI6Imh0dHBzOi8va2FtYWZpbmdhcGFvYWxvZS5jb20vY29tYXMiLCJlbWFpbElkIjoiN2M5MGUyNmMtMGQzYi00ZWYzLTg4YTctZThkYjJiMGQyNmVkIiwiaWF0IjoxNzY5NTU1OTMxfQ.cnxRm3xNom0yjoRV085ZWjo5RZ0ZZRGqA6xEaMNonMw&r=euc1,phishtank_kaggle,feed_domain
https://tr.ee/5A3CVt,phishtank_kaggle,feed_domain
https://tr.ee/RXHKn0,phishtank_kaggle,feed_domain
https://ipfs.io/ipfs/bafkreid2nkl57orqblqetsvcoux4nbgsxmbmofhnple4ixit56oa6yinn4,phishtank_kaggle,feed_domain
https://ipfs.io/ipfs/bafkreicirdbd7udxdhbrcunjimeln22skxzbe54suzypilujj5xnduwp34,phishtank_kaggle,feed_domain
https://trackingservice.monday.com/tracker/link?token=eyJhbGciOiJIUzI1NiIsInR5cCI6IkpXVCJ9.eyJvcmlnaW5hbFVybCI6Imh0dHBzOi8vYXZhbnRlYnVyZWF1LmNvbS9zdW11cC1jbS8iLCJlbWFpbElkIjoiOWViYjlhMzQtZGU5My00YzIyLTg2NzQtNzM5MjBkNDA2MzgyIiwiaWF0IjoxNzY4OTQxMjQyfQ.MyLu8iw7a7doMZmEQmMLFLjUdvOtoubKP7UUzR3_KHM&amp;r=euc1,phishtank_kaggle,feed_domain
https://ipfs.io/ipns/cloud-data-respnsive.top,phishtank_kaggle,feed_domain
https://did.li/k6vsih,"phishtank,phishtank_kaggle",feed_domain
https://tr.ee/tZT3lM,"phishtank,phishtank_kaggle",feed_domain
https://did.li/ZepDN,"phishtank,phishtank_kaggle",feed_domain
https://did.li/nZoDN,"phishtank,phishtank_kaggle",feed_domain
https://did.li/LB3Iw,"phishtank,phishtank_kaggle",feed_domain
https://did.li/kiv6hs,"phishtank,phishtank_kaggle",feed_domain
https://did.li/k6ivhs,"phishtank,phishtank_kaggle",feed_domain
https://did.li/3QFOf,"phishtank,phishtank_kaggle",feed_domain
https://ipfs.io/ipfs/QmVt9anubSLSaefmfJ2qk5jCnqHMYLiRFwUpPisGZC7JeB?filename=que.#gromilova@mup.cz,phishtank_kaggle,feed_domain
https://ipfs.io/ipns/fileagreement.top,phishtank_kaggle,feed_domain
https://did.li/kvis6h,"phishtank,phishtank_kaggle",feed_domain
http://trackingservice.monday.com/tracker/link?token=eyJhbGciOiJIUzI1NiIsInR5cCI6IkpXVCJ9.eyJvcmlnaW5hbFVybCI6Imh0dHBzOi8vcXJjb2RldmVsb3Blci5jb20vY29kZS8tem5MeWpSRXNfQVE5SGVRIiwiZW1haWxJZCI6IjliMDIzNDc2LWM4NGMtNGY1NS04NDdhLTIwOThkZDE1ZGY3NyIsImlhdCI6MTc2NzgxODEyNn0.P8NRp56FuPIRosRyX1iQoUA8plmkspFjfvgCHbXr3Ag&r=euc1,"phishtank,phishtank_kaggle",feed_domain
https://ipfs.io/ipfs/bafybeibtgzotlptrvitnfcmauuuuyetgrij5u5jtne3nfwb4w2szpwo2fy/tvsl.html,phishtank_kaggle,feed_domain
https://did.li/k6vish,"phishtank,phishtank_kaggle",feed_domain
https://did.li/0C0aa,"phishtank,phishtank_kaggle",feed_domain
https://ipfs.io/ipfs/bafybeih7c35cd3agnlnf5s63qu7wgrabgva45oqjnoic7em3cetcu5m2va/,"phishtank,phishtank_kaggle",feed_domain
https://ipfs.io/ipfs/bafkreicnwgv5fwyr3n2h6pvpubajl5jymfleckwe4cwn5e4w67jfkoiloq,"phishtank,phishtank_kaggle",feed_domain
https://sgin12-dhl.mdbgo.io/,"phishtank,phishtank_kaggle",feed_domain
https://did.li/Bank-Mizrahitefahot,"phishtank,phishtank_kaggle",feed_domain
https://did.li/-Mizrahitfahot-co-il,"phishtank,phishtank_kaggle",feed_domain
https://ipfs.io/ipfs/bafkreidomrwdob7epmuli4zgpe6qbpv43ey7ucfvdkjrmmtkgebcd2pv3i,"phishtank,phishtank_kaggle",feed_domain
https://ipfs.io/ipfs/bafkreidurzcblohw5tttn4gfdoe2rg7z6qfkptnzlav3u7qslkswxs42jy/,phishtank_kaggle,feed_domain
https://did.li/-Mizrahitefahot-online,"phishtank,phishtank_kaggle",feed_domain
https://ipfs.io/ipfs/bafkreiffddvbp6disumwe2eocy4hbz3dmzh6crxydvogx5l7xvrxtsgp6m,"phishtank,phishtank_kaggle",feed_domain
https://ipfs.io/ipfs/bafybeifaqqecpwzwu45hqlinjrg2l37tkvdkzreopne5m76owfodlvtt2q,phishtank_kaggle,feed_domain
https://did.li/Leumi-Login-co-il,"phishtank,phishtank_kaggle",feed_domain
https://did.li/-Leumi-Bank-il,"phishtank,phishtank_kaggle",feed_domain
https://did.li/H63rl,"phishtank,phishtank_kaggle",feed_domain
https://did.li/0H9aa,"phishtank,phishtank_kaggle",feed_domain
https://did.li/k9u6q,"phishtank,phishtank_kaggle",feed_domain
https://did.li/-mizrahitefahot-com,"phishtank,phishtank_kaggle",feed_domain
https://did.li/-Mizrahi-tefahot-co-il-,"phishtank,phishtank_kaggle",feed_domain
https://did.li/WmpmC,"phishtank,phishtank_kaggle",feed_domain
https://did.li/oJjDN,"phishtank,phishtank_kaggle",feed_domain
https://did.li/x53rl,"phishtank,phishtank_kaggle",feed_domain
https://did.li/SwGx5,"phishtank,phishtank_kaggle",feed_domain
https://did.li/fI9aa,"phishtank,phishtank_kaggle",feed_domain
https://did.li/dI9aa,"phishtank,phishtank_kaggle",feed_domain
https://did.li/aaMgT,"phishtank,phishtank_kaggle",feed_domain
https://did.li/90LgT,"phishtank,phishtank_kaggle",feed_domain
https://ipfs.io/ipfs/bafkreicbfraar7276wutlutlrolpji5uy23yrpqr3jdlpkifhafxremwdu?eta=,phishtank_kaggle,feed_domain
https://ipfs.io/ipfs/bafkreifrn2epr26pgeac2mrskziu35ixajxsn33ga27k4og5q7azq5sphe,"phishtank,phishtank_kaggle",feed_domain
https://ipfs.io/ipfs/bafkreigndhqmidlj2vhc2rrhicd6aujrad4q72kai5d3tm2yjs6asxobji/#x@x.com,"phishtank,phishtank_kaggle",feed_domain
https://ipfs.io/ipfs/bafybeiabhh7uwtdmzmc64acycfbq6v25mqunpxnzaxztnmz57n5jlglmxe/pagt.html,phishtank_kaggle,feed_domain
https://ipfs.io/ipfs/bafkreihlo4h66gnp2mxusunekat54p6olixpb2pdr7ok7ddcgsls3qj7ke#x@x.com,"phishtank,phishtank_kaggle",feed_domain
https://tr.ee/nEWb6A,"phishtank,phishtank_kaggle",feed_domain
https://did.li/BANK-Mizrahitefahot-co-il,"phishtank,phishtank_kaggle",feed_domain
https://did.li/bank-mizrahi-tefahot,"phishtank,phishtank_kaggle",feed_domain
https://did.li/kvesh6-il,"phishtank,phishtank_kaggle",feed_domain
https://ipfs.io/ipns/k51qzi5uqu5djeu098hsl608av8wy4j1w1riadozwyiv64ot10o6sjoz4dy1m5,phishtank_kaggle,feed_domain
https://ipfs.io/ipfs/bafkreiaexrt6mgqvzr6ulotg2y2h37slh2ifpxvsrt2log2ap4mmogu77e,"phishtank,phishtank_kaggle",feed_domain
https://ipfs.io/ipfs/bafkreiekkxocn6xm3h6mx5xeox65p5t7kp5r2stfwnvfmsvygy32nhp37m,phishtank_kaggle,feed_domain
https://did.li/OIdUY,"phishtank,phishtank_kaggle",feed_domain
https://did.li/mizrahi-tfahot-co-il,"phishtank,phishtank_kaggle",feed_domain
https://ipfs.io/ipfs/QmaByUj8DEDnDBvbcWazW6CLBa53Ny9muVrMVLZzoNkAer/#a@b.com,"phishtank,phishtank_kaggle",feed_domain
https://www.5mp.eu/fajlok2/owaweb/owa_www.5mp.eu_.html,"phishtank,phishtank_kaggle",feed_domain
https://ipfs.io/ipfs/bafkreidgey7n7irlfu2y4cio7zm3vfnksgltpsfogusj2cd5a7o7ojz57i,phishtank_kaggle,feed_domain
https://ipfs.io/ipfs/bafkreiggz7nfmviw5oqml27b2r2qpmu5oyfglwf37vdztlixx4ualonluu,"phishtank,phishtank_kaggle",feed_domain
https://ipfs.io/ipfs/bafkreiebqrigequ4ldgd6nfwessfxrxxl4r3bjzwgfqmqpx6aqe2w7qo7i,phishtank_kaggle,feed_domain
https://did.li/Kvihs6-P60,"phishtank,phishtank_kaggle",feed_domain
https://ipfs.io/ipfs/bafkreieccjks7r6pvye6mk5euseah7y7syed4nrxw2zz3nteohwng2gxdu,"phishtank,phishtank_kaggle",feed_domain
https://did.li/M7bUY,"phishtank,phishtank_kaggle",feed_domain
https://did.li/kveish6-il,"phishtank,phishtank_kaggle",feed_domain
https://ipfs.io/ipfs/bafkreicr2su2vc6cufvha6natbyxtfifnmhdokpe2cutqfzad5ard3f5au,phishtank_kaggle,feed_domain
https://ipfs.io/ipfs/bafkreiactbutah6ouhve7v5kanftcawvm46zxov7oucjlchzvm7sbedjxe,"phishtank,phishtank_kaggle",feed_domain
https://www.flow.page/mlh21880,"phishtank,phishtank_kaggle",feed_domain
http://www.flow.page/mlh21880/,"phishtank,phishtank_kaggle",feed_domain
https://www.flow.page/aae49fdbb56ac08234640b3666,"phishtank,phishtank_kaggle",feed_domain
http://www.flow.page/aae49fdbb56ac08234640b3666/,"phishtank,phishtank_kaggle",feed_domain
https://ipfs.io/ipfs/bafkreibqpypr7u6vbvxrixyoik3wolg36mnkizj67nuxjzs6qqivxfrave,phishtank_kaggle,feed_domain
https://ipfs.io/ipfs/bafkreiccazt27t47nr5q77r6kuoewym4ihjyvtryorlnyazkvvmg6ebm6m,"phishtank,phishtank_kaggle",feed_domain
https://ipfs.io/ipfs/bafybeiglkjp635b47fwyq7exuaogf4a244sugiwuczpxwpieelfnjewnza#a@b.com,"phishtank,phishtank_kaggle",feed_domain
https://ipfs.io/ipfs/bafkreidsosmqqhzprlnzylh6kl2a6gmgnmv4gyajxqgam45x5mn4lpjrta,"phishtank,phishtank_kaggle",feed_domain
https://ipfs.io/ipfs/bafkreif6h3ajzv77tfpy2eblhv3ixxmspptqcwlfwhspm63r7fhxvww2se,phishtank_kaggle,feed_domain
http://tr.ee/poshmark-verif,"phishtank,phishtank_kaggle",feed_domain
https://tr.ee/7atAQR,phishtank_kaggle,feed_domain
https://did.li/hachovkvish6,"phishtank,phishtank_kaggle",feed_domain
https://trackingservice.monday.com/tracker/link?token=eyJhbGciOiJIUzI1NiIsInR5cCI6IkpXVCJ9.eyJvcmlnaW5hbFVybCI6Imh0dHBzOi8vcXJjb2RldmVsb3Blci5jb20vY29kZS90UW1CbkdqT3FqamRNY3lVIiwiZW1haWxJZCI6IjIzMDdhOGZjLTE2MmEtNGQ1MS04YjVmLWVjOTM5MzkxYzI1MiIsImlhdCI6MTc1OTg3Nzk5M30.GE1fuXz45EtCSSjayo66fZNR-D8zgQWQeb2yudc6p6Q&r=euc1,"phishtank,phishtank_kaggle",feed_domain
https://snifferip.com/wda243r/?/google.com?/223344,"phishtank,phishtank_kaggle",feed_domain
https://lnk.ink/cQ7W9,"phishtank,phishtank_kaggle",feed_domain
https://vo.la/Pq7WeAZ,phishtank_kaggle,feed_domain
https://www.5mp.eu/fajlok2/tiaew/owa_www.5mp.eu_.html,"phishtank,phishtank_kaggle",feed_domain
https://did.li/car-kvish6,"phishtank,phishtank_kaggle",feed_domain
https://tr.ee/ofAHq8xeRm,"phishtank,phishtank_kaggle",feed_domain
https://lnk.ink/ry9Mt,"phishtank,phishtank_kaggle",feed_domain
https://did.li/TheCourierguy,"phishtank,phishtank_kaggle",feed_domain
http://tiny.cc/8qps001,"phishtank,phishtank_kaggle",feed_domain
https://tiny.cc/a4ms001,"phishtank,phishtank_kaggle",feed_domain
https://did.li/Pay-kivsh6,"phishtank,phishtank_kaggle",feed_domain
https://did.li/S4kmC,"phishtank,phishtank_kaggle",feed_domain
https://bitly.cx/8KtTN,"phishtank,phishtank_kaggle",feed_domain
http://www.flow.page/eastlink.ca,"phishtank,phishtank_kaggle",feed_domain
https://www.flow.page/eastlink.ca,"phishtank,phishtank_kaggle",feed_domain
https://www.5mp.eu/fajlok2/css4/owa_www.5mp.eu_.html,phishtank_kaggle,feed_domain
https://surl.li/zixrnu,"phishtank,phishtank_kaggle",feed_domain
https://did.li/0xAx5,"phishtank,phishtank_kaggle",feed_domain
https://did.li/seLZH,"phishtank,phishtank_kaggle",feed_domain
https://did.li/P5zx5,"phishtank,phishtank_kaggle",feed_domain
https://did.li/MRKZH,"phishtank,phishtank_kaggle",feed_domain
https://did.li/caridcheck,"phishtank,phishtank_kaggle",feed_domain
https://did.li/oa8TY,"phishtank,phishtank_kaggle",feed_domain
https://surl.li/pvjiso?userid=RjM5sm5v,"phishtank,phishtank_kaggle",feed_domain
https://did.li/e5rOf,"phishtank,phishtank_kaggle",feed_domain
https://did.li/U8JZH,"phishtank,phishtank_kaggle",feed_domain
https://did.li/h31aa,"phishtank,phishtank_kaggle",feed_domain
https://www.flow.page/attiimal,"phishtank,phishtank_kaggle",feed_domain
https://did.li/Qn7TY,"phishtank,phishtank_kaggle",feed_domain
https://did.li/FFhmC,"phishtank,phishtank_kaggle",feed_domain
https://did.li/request2507,"phishtank,phishtank_kaggle",feed_domain
https://did.li/VGUrl,"phishtank,phishtank_kaggle",feed_domain
https://did.li/P1IZH,"phishtank,phishtank_kaggle",feed_domain
https://did.li/kivsh6-cc-iI,"phishtank,phishtank_kaggle",feed_domain
https://vo.la/fRmSVCi,"phishtank,phishtank_kaggle",feed_domain
https://did.li/xR6TY,"phishtank,phishtank_kaggle",feed_domain
https://surl.li/rprxsk,"phishtank,phishtank_kaggle",feed_domain
https://vo.la/uMdVDKb#s,"phishtank,phishtank_kaggle",feed_domain
https://vo.la/uMdVDKb,"phishtank,phishtank_kaggle",feed_domain
https://did.li/k-vish6,"phishtank,phishtank_kaggle",feed_domain
https://did.li/qqm6q,"phishtank,phishtank_kaggle",feed_domain
https://did.li/t-kvish6,"phishtank,phishtank_kaggle",feed_domain
https://did.li/r-kvish6,"phishtank,phishtank_kaggle",feed_domain
https://did.li/israel-kvish6,"phishtank,phishtank_kaggle",feed_domain
https://did.li/iI-kvish6,"phishtank,phishtank_kaggle",feed_domain
https://did.li/id-kvish6,"phishtank,phishtank_kaggle",feed_domain
https://did.li/e1-kvish6,"phishtank,phishtank_kaggle",feed_domain
https://did.li/Hd6TY,"phishtank,phishtank_kaggle",feed_domain
https://did.li/6CIZH,"phishtank,phishtank_kaggle",feed_domain
https://did.li/3oxx5,"phishtank,phishtank_kaggle",feed_domain
https://did.li/bCfmC,"phishtank,phishtank_kaggle",feed_domain
https://tr.ee/AFN64Y,"phishtank,phishtank_kaggle",feed_domain
https://did.li/kv6tshlomim,"phishtank,phishtank_kaggle",feed_domain
https://did.li/kv6tashlumim,"phishtank,phishtank_kaggle",feed_domain
https://did.li/kv6tashlomim,"phishtank,phishtank_kaggle",feed_domain
https://did.li/k6tshlumim,"phishtank,phishtank_kaggle",feed_domain
https://did.li/j7emC,"phishtank,phishtank_kaggle",feed_domain
https://did.li/IrSrl,"phishtank,phishtank_kaggle",feed_domain
https://did.li/kvichinvoice,"phishtank,phishtank_kaggle",feed_domain
https://did.li/kvich-6,"phishtank,phishtank_kaggle",feed_domain
https://did.li/Delivery-order,"phishtank,phishtank_kaggle",feed_domain
https://did.li/SH4TY,"phishtank,phishtank_kaggle",feed_domain
https://did.li/LTvx5,"phishtank,phishtank_kaggle",feed_domain
https://did.li/4Tvx5,"phishtank,phishtank_kaggle",feed_domain
https://did.li/r39CN,"phishtank,phishtank_kaggle",feed_domain
https://did.li/hAvx5,"phishtank,phishtank_kaggle",feed_domain
https://did.li/DuMIw,"phishtank,phishtank_kaggle",feed_domain
https://ipfs.io/ipfs/bafkreifki2x2ookbrn2vujr5dnx5tjeg77legdonbtfy2vhul2dt64yely,"phishtank,phishtank_kaggle",feed_domain
https://surl.li/qaoyfh,"phishtank,phishtank_kaggle",feed_domain
https://did.li/WtzgT,"phishtank,phishtank_kaggle",feed_domain
https://did.li/checkout-Kvish6,"phishtank,phishtank_kaggle",feed_domain
https://did.li/F8i6q,"phishtank,phishtank_kaggle",feed_domain
https://did.li/budmC,"phishtank,phishtank_kaggle",feed_domain
https://did.li/LrdmC,"phishtank,phishtank_kaggle",feed_domain
https://did.li/GvWaa,"phishtank,phishtank_kaggle",feed_domain
https://surl.li/johocg,"phishtank,phishtank_kaggle",feed_domain
https://did.li/-KVSH6-il,"phishtank,phishtank_kaggle",feed_domain
https://did.li/-BillKvish6,"phishtank,phishtank_kaggle",feed_domain
https://did.li/FedEx-il,"phishtank,phishtank_kaggle",feed_domain
https://did.li/cs2CN,"phishtank,phishtank_kaggle",feed_domain
https://did.li/0IJIw,"phishtank,phishtank_kaggle",feed_domain
https://did.li/IdnOf,"phishtank,phishtank_kaggle",feed_domain
https://did.li/VwbmC,"phishtank,phishtank_kaggle",feed_domain
https://did.li/kj1TY,"phishtank,phishtank_kaggle",feed_domain
https://did.li/1rbmC,"phishtank,phishtank_kaggle",feed_domain
https://did.li/5D6CN,"phishtank,phishtank_kaggle",feed_domain
https://did.li/Kviish6,"phishtank,phishtank_kaggle",feed_domain
https://did.li/sbUaa,"phishtank,phishtank_kaggle",feed_domain
https://did.li/SSHIw,"phishtank,phishtank_kaggle",feed_domain
https://did.li/1IlOf,"phishtank,phishtank_kaggle",feed_domain
https://did.li/avis-43843,"phishtank,phishtank_kaggle",feed_domain
https://did.li/SQZTY,"phishtank,phishtank_kaggle",feed_domain
https://did.li/BNZTY,"phishtank,phishtank_kaggle",feed_domain
https://surl.li/jyocfg,phishtank_kaggle,feed_domain
http://tiny.cc/ixbe001,"phishtank,phishtank_kaggle",feed_domain
https://did.li/4MLKDJDwebappsClienT?pZVS2KirQcqg2XvGoIxY0EAYbWt,"phishtank,phishtank_kaggle",feed_domain
http://tiny.cc/z8ba001,"phishtank,phishtank_kaggle",feed_domain
https://did.li/gO9lC,"phishtank,phishtank_kaggle",feed_domain
https://did.li/ltatna,"phishtank,phishtank_kaggle",feed_domain
https://did.li/poxani,"phishtank,phishtank_kaggle",feed_domain
https://did.li/pDRaa,"phishtank,phishtank_kaggle",feed_domain
https://did.li/D7d6q,"phishtank,phishtank_kaggle",feed_domain
https://did.li/3u9lC,"phishtank,phishtank_kaggle",feed_domain
https://did.li/meAZH,"phishtank,phishtank_kaggle",feed_domain
https://did.li/iKd6q,"phishtank,phishtank_kaggle",feed_domain
https://did.li/7Gd6q,"phishtank,phishtank_kaggle",feed_domain
https://did.li/yGFIw,"phishtank,phishtank_kaggle",feed_domain
https://did.li/KougT,"phishtank,phishtank_kaggle",feed_domain
http://surl.li/vjnokh,"phishtank,phishtank_kaggle",feed_domain
https://surl.li/jnvmsu,"phishtank,phishtank_kaggle",feed_domain
https://surl.li/tbqngi#redacted@abuse.ionos.com,"phishtank,phishtank_kaggle",feed_domain
https://did.li/secure/,"phishtank,phishtank_kaggle",feed_domain
http://surl.li/kmzltu,"phishtank,phishtank_kaggle",feed_domain
https://surl.li/mvawyb,"phishtank,phishtank_kaggle",feed_domain
http://surl.li/waloqw,"phishtank,phishtank_kaggle",feed_domain
https://surl.li/anlupu,"phishtank,phishtank_kaggle",feed_domain
https://ipfs.io/ipfs/Qmf8iZrihfvsN39DtxPoVdHfj9tLiTiDi5EPHwpqnBGW9o/fire.html/#redacted@abuse.ionos.com,"phishtank,phishtank_kaggle",feed_domain
https://ipfs.io/ipfs/QmUhZTMWbZpVuj7QiAR5hj5cndkYJnqk4sLLuxz4tpsAPc/winesportsnatxx.html,"phishtank,phishtank_kaggle",feed_domain
https://tr.ee/rk7JHq,"phishtank,phishtank_kaggle",feed_domain
https://tr.ee/J7ud3F?ts=#%23gmail%23%23%3C,"phishtank,phishtank_kaggle",feed_domain
https://tr.ee/WksA_nrZJB,"phishtank,phishtank_kaggle",feed_domain
http://surl.li/beheks,"phishtank,phishtank_kaggle",feed_domain
https://tr.ee/OUHiHiXBPJ,"phishtank,phishtank_kaggle",feed_domain
https://bitly.cx/9rzPJ,"phishtank,phishtank_kaggle",feed_domain
https://u.to/FMrdIA,"phishtank,phishtank_kaggle",feed_domain
http://surl.li/rujkcd,"phishtank,phishtank_kaggle",feed_domain
https://u.to/O0vcIA,"phishtank,phishtank_kaggle",feed_domain
https://shoutout.wix.com/so/e1P6lraVU?languageTag=en,"phishtank,phishtank_kaggle",feed_domain
https://did.li/bitt-pay,"phishtank,phishtank_kaggle",feed_domain
https://did.li/bitbey-support-co-iI,"phishtank,phishtank_kaggle",feed_domain
https://did.li/Ldfmttf2nw3,"phishtank,phishtank_kaggle",feed_domain
https://did.li/Spdmttf2nw3,"phishtank,phishtank_kaggle",feed_domain
https://did.li/ppxxcSH2m,"phishtank,phishtank_kaggle",feed_domain
https://did.li/cal-online,"phishtank,phishtank_kaggle",feed_domain
https://surl.li/pxyjzg,"phishtank,phishtank_kaggle",feed_domain
http://surl.li/pxyjzg,"phishtank,phishtank_kaggle",feed_domain
https://to.lk/FaHBIe,"phishtank,phishtank_kaggle",feed_domain
http://tiny.cc/0vy3zz,"phishtank,phishtank_kaggle",feed_domain
https://goo.su/zfOEW,"phishtank,phishtank_kaggle",feed_domain
https://ipfs.io/ipfs/bafybeiaf3dwtoccnrlsuca7vmus7mtoxwk26lsj46ef46f7oujea5qsexm/IS3QmSqtDrDin1wKa43QmS1wKa4SqtDrDGyjs5KEYqznxpHMFr9hVPSX5pyQu1u3QmS1wKa4SqtDrDGyjs5KEYqznxpHMFr9hVPSX5pyQu1up3.htm/,"phishtank,phishtank_kaggle",feed_domain
https://ipfs.io/ipfs/bafybeie2k3m3cqix7bq35xqkd4juhqoemmqc2r7pm4wztkjpwma4d6hldi/index.htm,"phishtank,phishtank_kaggle",feed_domain
https://ipfs.io/ipfs/bafybeigvgyn2ag7thet5j2yng7bboxpg6vifq7far75zjgrlqj4k3wqety/cpsscpanelhosting.html,"phishtank,phishtank_kaggle",feed_domain
https://ipfs.io/ipfs/Qme3yWMnE9f2RZmEZGV3qhmsG993VexTLd6QP4ew3GUpxg/index.html,"phishtank,phishtank_kaggle",feed_domain
https://surl.li/tnzmb,"phishtank,phishtank_kaggle",feed_domain
http://tiny.cc/rcyzxz,"phishtank,phishtank_kaggle",feed_domain
http://tiny.cc/vcyzxz,"phishtank,phishtank_kaggle",feed_domain
http://tiny.cc/zd9sxz,"phishtank,phishtank_kaggle",feed_domain
https://surl.li/tfrvo,"phishtank,phishtank_kaggle",feed_domain
https://surl.li/thpmd,"phishtank,phishtank_kaggle",feed_domain
https://surl.li/tgcse,"phishtank,phishtank_kaggle",feed_domain
https://surl.li/suday?os1=&redirect_mongo_id=66239ceb62194cec41976aa4,"phishtank,phishtank_kaggle",feed_domain
https://surl.li/suday?os1=&redirect_mongo_id=66239ceb62194cec41976aa4&utm_source=Springbot&utm_medium=Email&utm_campaign=66239ceb62194cec41976aa5,"phishtank,phishtank_kaggle",feed_domain
https://ipfs.io/ipfs/QmWikvJg8nefnh79V3fr8nZqYTE2jSriAfHz5FNsM4fxxn/index.html,"phishtank,phishtank_kaggle",feed_domain
https://ipfs.io/ipfs/QmU7ZKVQFcCHCfG6TtzTG3UpLQSshWnsDZcM2odPsu2aq1,"phishtank,phishtank_kaggle",feed_domain
https://ipfs.io/ipfs/QmavRvsah8mGoyrmGoMv4Jrs6LDhbnUmqeGpCY2eb48tsF/,"phishtank,phishtank_kaggle",feed_domain
https://ipfs.io/ipfs/QmcpZ5YggsLHG7YGGmH83ejjjzaMf65M6TcMrr5vqMhJTa/,"phishtank,phishtank_kaggle",feed_domain
https://ipfs.io/ipfs/QmSsom8wzWHgXAAArwiqhdL56utwvwYhrV1nR1HmuJWqNX/level.html,"phishtank,phishtank_kaggle",feed_domain
https://ipfs.io/ipfs/QmbJwNjxF3BMUin5Npxy5VEgiCB4Ytd62TuTLvepDP46vG,"phishtank,phishtank_kaggle",feed_domain
https://ipfs.io/ipfs/QmS2Sk1FzVjdFcLhqTuBZ8jLq2zcfc14YK2vbQFXr8z6fP,"phishtank,phishtank_kaggle",feed_domain
https://ipfs.io/ipfs/QmVfP63ow35CbBjqPCRFxjy8yrjPFAieg99K6ZNMpsXG9j,"phishtank,phishtank_kaggle",feed_domain
https://ipfs.io/ipfs/QmPy9E1ApwiFmSXDPQi7jRQ3ks9hQimtJmmMZeRxJMbDLu,"phishtank,phishtank_kaggle",feed_domain
https://ipfs.io/ipfs/QmXtVQXaBu5pBRgVqqfCGxknRA11vf3kPdENr3p3t3Pvuc,"phishtank,phishtank_kaggle",feed_domain
https://ipfs.io/ipfs/QmVeJiRsi3uEXMkiyoHJcekBQXXtWgsWf9cSxHPmNpntNa,"phishtank,phishtank_kaggle",feed_domain
https://ipfs.io/ipfs/QmRe9K96mndFkYp3bPy8zGSDdJX3jqtM8YB5QJiXohJ36s,"phishtank,phishtank_kaggle",feed_domain
https://ipfs.io/ipfs/QmYvfXUtaR2uaScsnWuwv5gzJG6mTHLrJ4XDYLxSYozbqd,"phishtank,phishtank_kaggle",feed_domain
https://ipfs.io/ipfs/QmZA9yNhSV5v1K5GFKTxzwqW8784LwnPPUQkhTPFc4kPiH,"phishtank,phishtank_kaggle",feed_domain
https://ipfs.io/ipfs/QmTWVH9b7FMYfoTEpYpBVqdz8kqsFDXr9yoG9Zq2EQoG6F,"phishtank,phishtank_kaggle",feed_domain
https://ipfs.io/ipfs/QmUx2cq3qcaJmf1diwpkmTdNESaSKCyE72BnV9UXxV9tV1,"phishtank,phishtank_kaggle",feed_domain
https://ipfs.io/ipfs/bafybeicmpmc3cnrefoq2fswov63qkcfn5tibkbbeycpaxqjf6s2lxxbnga,"phishtank,phishtank_kaggle",feed_domain
https://ipfs.io/ipfs/QmVrdxY3iE1eJ8cWsspYAE8H1Lp177ipD2Xq4gs2yf8hh6,"phishtank,phishtank_kaggle",feed_domain
https://ipfs.io/ipfs/QmemvcT4aVx1N3wf26vRevvFtAy2xs3EtZEWURPhL6rVfH,"phishtank,phishtank_kaggle",feed_domain
https://ipfs.io/ipfs/QmXiXAhetvCunzxiBbWPLQNVU1BRVxsujPj1n9Rjdxe3WP,"phishtank,phishtank_kaggle",feed_domain
https://ipfs.io/ipfs/QmdkuT1depTYPgLYCwRCbmVniRFymwVaj9pc86G9Ng3qf3,phishtank_kaggle,feed_domain
https://ipfs.io/ipfs/QmPubbufbYdoxFydxQrVFTiRBq4bfb4c5zemWyq1emaiYk,"phishtank,phishtank_kaggle",feed_domain
https://ipfs.io/ipfs/QmbeSaHXZLDUtzEVJBv4bfNRSPEetFn7zmzTFJxZn5EWSw,"phishtank,phishtank_kaggle",feed_domain
https://ipfs.io/ipfs/QmeaiujaGQ1w59NSLxt7Dy2zVDaarNtrktcRRp6e5TSfhK,"phishtank,phishtank_kaggle",feed_domain
https://ipfs.io/ipfs/QmbX1ccVty6eY3aPfYLp7hnMWw5sFU6WhTiKzA9iCCyoNY,"phishtank,phishtank_kaggle",feed_domain
https://ipfs.io/ipfs/QmafGmAmUWaHvozwFrynhAofy6hLcNR78JhqxfJbf1YwCH/,"phishtank,phishtank_kaggle",feed_domain
https://ipfs.io/ipfs/QmVbDRJJn6EPki1trznqEXY1ptWccSiMK5q571vmd1jYFA,"phishtank,phishtank_kaggle",feed_domain
https://ipfs.io/ipfs/QmSWUo9MYquVHGh5WsNJgtHejpTKQVGVNcFwA9JzYhgNQ8,"phishtank,phishtank_kaggle",feed_domain
https://ipfs.io/ipfs/QmUxNxoBaCA4cjhN4gCi1rt35wxof5RtJ64svo3YpsyWuL,"phishtank,phishtank_kaggle",feed_domain
https://ipfs.io/ipfs/QmeqU6pNztjWRopR3F2djZL4vHQvAHxAPWa6rcoTKsKr2T,"phishtank,phishtank_kaggle",feed_domain
https://ipfs.io/ipfs/QmdCAMdtjKTS7PXAi9muEtS6HRtGH4rMgCe5QtiahNAi6e,"phishtank,phishtank_kaggle",feed_domain
https://ipfs.io/ipfs/Qmdq7QLBT2APaEr8AjY6Xkhh2LDb2b6bKbTfaGmuewCXCX,"phishtank,phishtank_kaggle",feed_domain
https://ipfs.io/ipfs/Qmd5pBaU2u4ZQrzydLGJWx7L1R8byqCTB3PboGu8jhmxmF,"phishtank,phishtank_kaggle",feed_domain
https://ipfs.io/ipfs/QmRbASuj6h6NtELiwAmGUXggcpNgA2h4xHr5F8hgxioQ3g,"phishtank,phishtank_kaggle",feed_domain
https://ipfs.io/ipfs/QmfEaQHJoHhVtPX27VtztNcx1kr9CDJLVCuifi3z12oRM6,"phishtank,phishtank_kaggle",feed_domain
https://ipfs.io/ipfs/bafybeigv6y3rhud2kf6m5rjsaa326bik3x3f6yhtie44cnlzgnkekseugu,"phishtank,phishtank_kaggle",feed_domain
https://ipfs.io/ipfs/QmcMNrDpFJ74UEnqo6xiBdedtrVYjM4e9ygTGqatiSXPxw,"phishtank,phishtank_kaggle",feed_domain
https://ipfs.io/ipfs/QmaYrmUMDD6A7eum9VDAG4HM4a2MJMLPZZ55zrq1f4G3d7,"phishtank,phishtank_kaggle",feed_domain
https://ipfs.io/ipfs/Qmf72XgKwBV5RPK3izn6yEGBWaCsJTyLaEXE1n6kPwPGZD,"phishtank,phishtank_kaggle",feed_domain
https://ipfs.io/ipfs/QmP3K7FaxumADtuDaSNmpARZn9gDBR9C7zU6nPAPxKrkiF,"phishtank,phishtank_kaggle",feed_domain
https://ipfs.io/ipfs/QmWFGuw6bDtFNeZTyhSzy2rYNkYnPgruG8RbCPdEVSUsoL,"phishtank,phishtank_kaggle",feed_domain
https://ipfs.io/ipfs/QmP5vJqD1xNFqyhfNEkcdb1eSnJWYY25MoAFwhh1W2hX86,"phishtank,phishtank_kaggle",feed_domain
https://ipfs.io/ipfs/QmVaXj6oKGKMTqy8J9uvNMhbyrUpx32rDjUVVyQmf5y81t,"phishtank,phishtank_kaggle",feed_domain
https://ipfs.io/ipfs/QmY9HsMkxU4jhgf9trewkUU6RUT5UXzdoifpKzF7ia64xh,"phishtank,phishtank_kaggle",feed_domain
https://ipfs.io/ipfs/QmPuTtdXRPSTQAyM9DaTng71bdgKanLTE3moH7Ssph84Px,"phishtank,phishtank_kaggle",feed_domain
https://ipfs.io/ipfs/QmXU3BXTK9eycVQojmE9je1XwV3dJyZar11GrA84DVjQua,"phishtank,phishtank_kaggle",feed_domain
https://ipfs.io/ipfs/QmXoXcruBSHU4eJKWdpTXsi9njvY5kShBDJy9harpDCGWP,"phishtank,phishtank_kaggle",feed_domain
https://ipfs.io/ipfs/QmcTBBNw72G9SyPzvznzXQJ4YZqVECwyQMTxmeQ51c2a9R,"phishtank,phishtank_kaggle",feed_domain
https://ipfs.io/ipfs/QmZST5xQjzALRryeXPWjoEBjivgWxSTeBgRt8e3KwQXRsn,"phishtank,phishtank_kaggle",feed_domain
https://ipfs.io/ipfs/QmZpfUHb5196eYHJBLFM18dBUqnqBbpj1CCT1rC6wAANHq,"phishtank,phishtank_kaggle",feed_domain
https://ipfs.io/ipfs/QmU6qJYntEekq99yjHcbhH3J6j4Urm3oNZymeypFBuT2kd,"phishtank,phishtank_kaggle",feed_domain
https://ipfs.io/ipfs/QmYPd1dR4a1qEbnUcRWr1EkgtowxSYDXWK9zwRB6KHgA8W,"phishtank,phishtank_kaggle",feed_domain
https://ipfs.io/ipfs/QmSwGhqYxAfiYCopzSL1zJmc8J4MbNSMXbBE8dNUjTJGK2,"phishtank,phishtank_kaggle",feed_domain
https://ipfs.io/ipfs/Qmbh4A4bMUguzjhjGkwbwu3hGcmV51gUzy31knu11ag9AL/,"phishtank,phishtank_kaggle",feed_domain
https://ipfs.io/ipfs/QmVyALk4ENPrzXfeH39vPbr7384TK9iczHi5edeqxcGg8q,"phishtank,phishtank_kaggle",feed_domain
https://ipfs.io/ipfs/QmZFfDs9XiX4vJeiou1LuvSTzohdK363MLuBcakQ2vvJYn,"phishtank,phishtank_kaggle",feed_domain
https://ipfs.io/ipfs/QmVhUxFGw15x7Pp2LaHKeHymdLorWryYajoxVWAdToSHtA,"phishtank,phishtank_kaggle",feed_domain
https://ipfs.io/ipfs/QmZCBGdMaEBiaqXk5gPkMfy7fPcRWos3aw5pFMUgAG7KUc,"phishtank,phishtank_kaggle",feed_domain
https://ipfs.io/ipfs/QmYEa958ykJg57CPAbc9iRX86Fp8TLSm5wMFDzUuWUPnoQ,"phishtank,phishtank_kaggle",feed_domain
https://ipfs.io/ipfs/QmNarLZTQJz756oQb5W6zhEzBZT6FpHeZ71WgRyYjhUkDU,phishtank_kaggle,feed_domain
https://ipfs.io/ipfs/QmcLpEKQ69iai6EwdfTBu5S4a5tdneVei8KXZV2Y8mtD7W,"phishtank,phishtank_kaggle",feed_domain
https://ipfs.io/ipfs/QmWKi5HPaKnSjgEJKEBdnKHmwLPFrBo5U2Aj865bRpbdff,"phishtank,phishtank_kaggle",feed_domain
https://ipfs.io/ipfs/Qmf3P4Di7pdRasSjRCuAmETk1J8fWN5nGuUJAV6eC4KMLn,"phishtank,phishtank_kaggle",feed_domain
https://ipfs.io/ipfs/QmbDQW8Uq3aGF9WSL7xe5ZePcbHwvtrc9GXNXUq6vhNtKW,"phishtank,phishtank_kaggle",feed_domain
https://ipfs.io/ipfs/QmbNL8rNYRTgfUFbMLmQ9Pk8BUEnVioXV47e9tjKyFRVVZ,phishtank_kaggle,feed_domain
https://ipfs.io/ipfs/QmZHGukvvpnN9mNx1o3H9GkrahgtR4RuoHbUFKunHbZoaS,"phishtank,phishtank_kaggle",feed_domain
https://ipfs.io/ipfs/QmZpuvNGsBeuEgf5GmDf43dtQTcV38ea2hrvhh7zmBbBF3,"phishtank,phishtank_kaggle",feed_domain
https://ipfs.io/ipfs/QmXZWVGEYaSngM2SJxpeULDZhgHoRbqfhBeMkZnsdTjyRV,phishtank_kaggle,feed_domain
https://ipfs.io/ipfs/QmamhFji41Z4gYz9qKHtHMcgkBvQFhvnwHw8bRTXuzwBT1,"phishtank,phishtank_kaggle",feed_domain
https://ipfs.io/ipfs/QmWtKR7KvMBhdhEgepiKWka8K4NWVv8dWtzL2Mv6dGb1qX,"phishtank,phishtank_kaggle",feed_domain
https://ipfs.io/ipfs/QmT7eHFTEuxYZPQrZRLUdcrMMCoutAU97ZeQqvoPH6kW5H,"phishtank,phishtank_kaggle",feed_domain
https://ipfs.io/ipfs/QmTQGWhjH8a2u5gsScVFKfJDBK6BsMBoX5AvgY7HcuVZ31,"phishtank,phishtank_kaggle",feed_domain
https://ipfs.io/ipfs/QmSejSajLFEhYUHT6vZZrKKPKb9btajmRzJf5XTrv9kMA1,"phishtank,phishtank_kaggle",feed_domain
https://ipfs.io/ipfs/QmNevxDjBRox1ZJhWuZx5y84EX7seZ385vB5FesAFhSdKm,"phishtank,phishtank_kaggle",feed_domain
https://ipfs.io/ipfs/Qmcq7Utgc734Eig1bYv2PpuW1C7Cjuj4aRbM9if9KieXZq,phishtank_kaggle,feed_domain
https://ipfs.io/ipfs/QmRGpuM8C75oRJMDe7xCNpcxcx9u4dZM7Ge9kZmzhVY2py,"phishtank,phishtank_kaggle",feed_domain
https://ipfs.io/ipfs/bafybeiawsma5fruvp6ioi4vwj2rn5o4szqm76yxr3agaspkevffkdz7khm,"phishtank,phishtank_kaggle",feed_domain
https://ipfs.io/ipfs/QmcgpesK4JcmYZ5zdRij3j752tnRJ8Zi5VkcFaMNoihiFe,"phishtank,phishtank_kaggle",feed_domain
https://ipfs.io/ipfs/QmaMXPagY4f3ckpXwwwQ5gFK4chaqZRTC1e7Dz12CzTKuc,"phishtank,phishtank_kaggle",feed_domain
https://ipfs.io/ipfs/QmYZBbaiLhGYLaDmM4snXwnmEzX8zTt9qSDwarWhmx2UHZ,"phishtank,phishtank_kaggle",feed_domain
https://ipfs.io/ipfs/QmUkZepTXbWwYtJytgQsBHJrdhRyv4a9Q2UGrpAjPw3DhE,"phishtank,phishtank_kaggle",feed_domain
https://ipfs.io/ipfs/bafybeifqxhc63karh4xpybufpfluco6odalsodhk3hxnkfrwtdnjzzffi4,"phishtank,phishtank_kaggle",feed_domain
https://ipfs.io/ipfs/QmabQo6kg75UocQmwW2mmCUEoDVex9EMKPejcc79FN5xdW,"phishtank,phishtank_kaggle",feed_domain
https://ipfs.io/ipfs/bafybeia34ofbi2u4r35ike2kvt2o4oopu4b3f57dje3f6h7qw5z7ljtqza,"phishtank,phishtank_kaggle",feed_domain
https://ipfs.io/ipfs/Qmf3VfSwZYU7pboZV4uaToEBXRU9koTnZ9mJSXuGGTkmWb,"phishtank,phishtank_kaggle",feed_domain
https://ipfs.io/ipfs/bafybeih2afntuva37x2yhpfqm2v7fwz7mpjsobvcbsfouda2uow2hgdv3m,"phishtank,phishtank_kaggle",feed_domain
https://ipfs.io/ipfs/QmPu4VpxT1akp8ccK51FPscHynLmDfVDUFn2qtzqPaAgMk,"phishtank,phishtank_kaggle",feed_domain
https://ipfs.io/ipfs/Qmc7MF1EUBP8qfAKkYEF7AknMX4FE1Viyk2MxZfMeNUnJy,"phishtank,phishtank_kaggle",feed_domain
https://ipfs.io/ipfs/bafybeidawh5fjiszm5hf7tnbanpiw4itlunbbfn3prqg3semxfaedadnxu,"phishtank,phishtank_kaggle",feed_domain
https://ipfs.io/ipfs/QmYsfenpHM6g2XsAvYpr9HwPDMeG5uooyN81HJnB9oycwM,phishtank_kaggle,feed_domain
https://ipfs.io/ipfs/QmTvMZXdSWEkt8yeLqDFoXjnyrhPxvrBTqyCqKYxBBtvUt,"phishtank,phishtank_kaggle",feed_domain
https://ipfs.io/ipfs/QmYLqXvUTSipyVuAQreuU8hJ8VTJpiVsH7okEfhybsL1md,"phishtank,phishtank_kaggle",feed_domain
https://ipfs.io/ipfs/QmXctLdiNwpvTTD26qYWiNxjQSVvhprQy5qyuuq7ZQ9V5Y,"phishtank,phishtank_kaggle",feed_domain
https://ipfs.io/ipfs/QmNpb5RTYPbj9KrpQmxXkTMMLufdEhGgn7UnsPnRkf9cxT,"phishtank,phishtank_kaggle",feed_domain
https://ipfs.io/ipfs/QmTwqwH8PgPX3ocUFYfcq2fwNuu4A1Y9ajUJjKe7RfBt64,"phishtank,phishtank_kaggle",feed_domain
https://ipfs.io/ipfs/QmYjXdiq1tfyoeHsBGsMfmHHGYAUko2w46nW2s3STAoP3L,"phishtank,phishtank_kaggle",feed_domain
https://ipfs.io/ipfs/QmQg48fZxnFEjdNfJypJfa8zSJt9no2R6fyQZUToiNZcdh,"phishtank,phishtank_kaggle",feed_domain
https://ipfs.io/ipfs/QmbaEgC9pmvvxmXmi6qd1bTQ5E3bU9qhp5FauPprVphuHs,"phishtank,phishtank_kaggle",feed_domain
https://ipfs.io/ipfs/Qmcucoytq5pBedBt3cRMqMfb1kRn6421a97oQzWGE2M5Ep,"phishtank,phishtank_kaggle",feed_domain
https://ipfs.io/ipfs/bafybeigyowrqkcpaqpibi2xgmf3jeyjymm7mn5glttsqukcy4adpo3uoie,"phishtank,phishtank_kaggle",feed_domain
https://surl.li/oruzv,"phishtank,phishtank_kaggle",feed_domain
http://surl.li/oruzv,"phishtank,phishtank_kaggle",feed_domain
http://tiny.cc/hpbevz,"phishtank,phishtank_kaggle",feed_domain
http://tiny.cc/wk0bvz,"phishtank,phishtank_kaggle",feed_domain
https://tr.ee/3EgI8dq8AR,"phishtank,phishtank_kaggle",feed_domain
https://surl.li/jiskv,"phishtank,phishtank_kaggle",feed_domain
https://tr.ee/1t1QTDtpFK,"phishtank,phishtank_kaggle",feed_domain
https://surl.li/idofx,"phishtank,phishtank_kaggle",feed_domain
http://surl.li/idofx,"phishtank,phishtank_kaggle",feed_domain
https://surl.li/hqwfo,"phishtank,phishtank_kaggle",feed_domain
http://tiny.cc/rwk7vz,"phishtank,phishtank_kaggle",feed_domain
https://surl.li/gmbjx,"phishtank,phishtank_kaggle",feed_domain
https://ipfs.io/ipfs/Qmdexfm7Pmp2ZKjfdsfovgsusf7AcKFrnrpR5gvJRYHphQ/public/,"phishtank,phishtank_kaggle",feed_domain
http://tiny.cc/NEDNATCA,"phishtank,phishtank_kaggle",feed_domain
https://surl.li/gccel,"phishtank,phishtank_kaggle",feed_domain
http://surl.li/gccel,"phishtank,phishtank_kaggle",feed_domain
https://surl.li/gcsuc,"phishtank,phishtank_kaggle",feed_domain
https://surl.li/gcarn,"phishtank,phishtank_kaggle",feed_domain
http://surl.li/gcarn,"phishtank,phishtank_kaggle",feed_domain
https://surl.li/gbywm,"phishtank,phishtank_kaggle",feed_domain
http://surl.li/gbywm,"phishtank,phishtank_kaggle",feed_domain
https://ipfs.io/ipfs/QmURGbRPW3o6WmdiRMV7SHbashuUFkyaStL3V6WPT8g8q4,"phishtank,phishtank_kaggle",feed_domain
https://ipfs.io/ipfs/QmS9bCLi5MGPX2xwz9xCmFh8LFs4fnVBN6Ex4z6zVzhcB5,phishtank_kaggle,feed_domain
https://ipfs.io/ipfs/bafybeihl7imdk3y3ruzgtb2zj3nzlhivkhrurabqdogqhdli3vwqwpr7bq/,phishtank_kaggle,feed_domain
https://ipfs.io/ipfs/bafkreicktjtmzinhpk6lx2hzr7mxjy6efoqfy62ww2jiw4lshir5p3ciou,phishtank_kaggle,feed_domain
https://ipfs.io/ipfs/bafkreigiaqyfdvhrprhguegff7iwdu2i4kb4nmw2ov65bsft56r7ltx3w4/#redacted@abuse.ionos.com,phishtank_kaggle,feed_domain
https://ipfs.io/ipfs/bafkreiattk4gduwwly7zovvga6knqj6zzttlycbaggzfs2hhgyvzhc2nyi,phishtank_kaggle,feed_domain
https://ipfs.io/ipfs/bafkreien7hkm5erpea5xefltdn63p5kr2pwgoyftt2kdrs2mserf4p4evu,"phishtank,phishtank_kaggle",feed_domain
https://ipfs.io/ipfs/bafkreieukhctx7lscound5pw5mv63kjedxy2lr5arx2b7yirofn74tpt3u,phishtank_kaggle,feed_domain
https://ipfs.io/ipfs/bafkreihqv6nsqdon6vut4ic44x2pzgeizp2uav2pe2nshemahceequeerq,phishtank_kaggle,feed_domain
https://did.li/Ju7Iw,phishtank_kaggle,feed_domain
https://ipfs.io/ipfs/bafkreierdp22iqo7a2nw3jo6hg5ieohxvvxwz36md2frplebv72mpasewy#{email},phishtank_kaggle,feed_domain
https://did.li/u3sDN,"phishtank,phishtank_kaggle",feed_domain
https://did.li/s3sDN,"phishtank,phishtank_kaggle",feed_domain
https://www.robiox.com.py/games/77747658251236/Moon-Update-Sailor-Piece?privateServerLinkCode=383895814952709870082686616080,"phishtank,phishtank_kaggle",feed_domain
https://ipfs.io/ipfs/bafybeia5u6j2nce2pssuyf3os3yrgp5xlazy6fpzsayqsanutkz4npur5q?filename=Ondedriveokp.html,phishtank_kaggle,feed_domain
https://usc1.contabostorage.com/e29338c20e7b488f9572febcdfe1351c:storageb/alldomain_persona.html,phishtank_kaggle,feed_domain
https://tr.ee/AGPpZ1,phishtank_kaggle,feed_domain
https://tr.ee/HMtEPwG2vL,phishtank_kaggle,feed_domain
https://tr.ee/MT3Aei,phishtank_kaggle,feed_domain
https://ipfs.io/ipfs/bafkreidoketpfclwu6mkfr4i5oaozyi6ixuvmjsp6sul4iieip7jnyemha,phishtank_kaggle,feed_domain
https://did.li/Bankmizrahi,phishtank_kaggle,feed_domain
https://surl.li/xfmlbu,"phishtank,phishtank_kaggle",feed_domain
https://tr.ee/6zT9Z4,phishtank_kaggle,feed_domain
https://trackingservice.monday.com/tracker/link?token=eyJhbGciOiJIUzI1NiIsInR5cCI6IkpXVCJ9.eyJvcmlnaW5hbFVybCI6Imh0dHBzOi8vY29uYXNlZ3VyLmNvbS5jby9zeXNwL2NvZ25vcz9zYXNobjBoPSIsImVtYWlsSWQiOiIwMmE3ZjM2YS1hNmI0LTQ4YzAtOWNiNS1lY2E4YmJjY2JjOTQiLCJpYXQiOjE3NzQ2NjgxNDB9.38IF0oOpuuzcr2GCayIhAx5fuj_EjVtWHVf_AGHnykI&amp;r=euc1,"phishtank,phishtank_kaggle",feed_domain
https://ipfs.io/ipfs/bafkreibdtd42sraf7x6m7sy5tg3ugvhpbtiaj7qozimadk7e5bxggs5aw4,phishtank_kaggle,feed_domain
https://supersafed.standard.us-east-1.oortstorages.com/fitsal.tt,"phishtank,phishtank_kaggle",feed_domain
https://did.li/Mizrehitefahot-co-il,phishtank_kaggle,feed_domain
https://did.li/z7UgT,"phishtank,phishtank_kaggle",feed_domain
https://tr.ee/4fYM513rNx,phishtank_kaggle,feed_domain
https://did.li/o1bsl,phishtank_kaggle,feed_domain
https://ipfs.io/ipfs/bafkreihqzt22hgdcxrubvjhizilmpv442tjtqxyr5o3otodaas3pavlsji,phishtank_kaggle,feed_domain
https://u.to/JG53Ig,"phishtank,phishtank_kaggle",feed_domain
https://did.li/Mizrhetefahot-co-he,phishtank_kaggle,feed_domain
https://did.li/5A1ZH,phishtank_kaggle,feed_domain
https://did.li/gPbsl,phishtank_kaggle,feed_domain
https://did.li/SLsDN,phishtank_kaggle,feed_domain
https://trackingservice.monday.com/tracker/link?token=eyJhbGciOiJIUzI1NiIsInR5cCI6IkpXVCJ9.eyJvcmlnaW5hbFVybCI6Imh0dHBzOi8vZW1haWwubWcudGhlbGVhcC5jby9jL2VKd1V6VUZ1eENBTUFNRFh3QzJSTVd3d0J3Njk4STNLR05ORlNyclZRdnYtS2gtWWFWa09Pc0JaelM3R2dCSG9FZTB6YXlDUnhxMTZFb2hVZTJNaDdMMTZhajJ3c3lNZlNaeFBSSG9BNlNkMmxZQUVnaVlBSTNEd1VqZkhqNzZGeEhIamx0cFd4VWxRSDJOUzJDOGVwejN6YzYyZmFmeUh3V0t3VkoycktaXzYzc2N5V0hoT1hkTmc2Y05nOGZhZFg3OXpYdnc5QWU3cDYxWjJlVjMyTC1OX0FBQUFfXzlWY1R5WiIsImVtYWlsSWQiOiI0N2I3ZTdhOS0wMDc0LTRlMzAtYjNjZS04YzZhYmE1MzgwYzAiLCJpYXQiOjE3NzQyNzEyMTV9.OL8JPjBNnTPDafirr_Z5_wFnOOERNxbD_fVqkvgFLSU&amp;r=euc1,"phishtank,phishtank_kaggle",feed_domain
https://did.li/aTUgT,"phishtank,phishtank_kaggle",feed_domain
https://did.li/mizrhetifahot-he,"phishtank,phishtank_kaggle",feed_domain
https://surl.li/rukwyv,"phishtank,phishtank_kaggle",feed_domain
https://tr.ee/govcoil,phishtank_kaggle,feed_domain
https://ipfs.io/ipfs/bafkreih6hueafnak5rlkbwu3w3xueqrfobqmwqqyt2y7g4qwszb3dxbzi4#cody@scnmedia.org,"phishtank,phishtank_kaggle",feed_domain
https://ipfs.io/ipfs/bafybeiaooz7rlts6mj33fqwynlfuhlq4gkm3k5jkupnvzegk6pa73geanu,phishtank_kaggle,feed_domain
https://trackingservice.monday.com/tracker/link?token=eyJhbGciOiJIUzI1NiIsInR5cCI6IkpXVCJ9.eyJvcmlnaW5hbFVybCI6Imh0dHBzOi8vZGltY2x1Yi5jb20uYnIvdXBsb2Fkcy9maWxlMS9SZWRpcmVjdG1haW4uaHRtbCIsImVtYWlsSWQiOiI0ODIwNjk1OS1kN2RiLTRkNzAtYTIxNy1mNzI2MTM4ZGMwZDAiLCJpYXQiOjE3NzQyMzkxNTh9.qwNKZ0U-LElfW_MrWpPo-t8pQ8Ck46vZfB7ozCiB2Dk&amp;r=euc1#x@x.com,phishtank_kaggle,feed_domain
https://ipfs.io/ipfs/QmYRjWt3CpeTic3xAB2qm8NZDSa28GHxmhDmaNREsbuaSm,"phishtank,phishtank_kaggle",feed_domain
https://ipfs.io/ipfs/bafkreib3z4qb7g7obopabhpsqgqfkaitc6ozeq65walxo7dptehmxvr6qu#a@b.com,phishtank_kaggle,feed_domain
https://i.gal/epwjj,phishtank_kaggle,feed_domain
https://www.robiox.com.py/users/286858877668/profile,phishtank_kaggle,feed_domain
https://come.ac/nvwcJ,phishtank_kaggle,feed_domain
https://come.ac/cJBab,phishtank_kaggle,feed_domain
https://come.ac/B6Gvw,phishtank_kaggle,feed_domain
https://come.ac/aGApH,phishtank_kaggle,feed_domain
https://come.ac/9LKUx,phishtank_kaggle,feed_domain
https://tr.ee/5jHoIE,"phishtank,phishtank_kaggle",feed_domain
https://tr.ee/yPw68D,phishtank_kaggle,feed_domain
https://tr.ee/sumup26,"phishtank,phishtank_kaggle",feed_domain
https://tr.ee/vQeDEwEg-O,phishtank_kaggle,feed_domain
https://tr.ee/cZE5Zo,phishtank_kaggle,feed_domain
https://tr.ee/9VzAyC,phishtank_kaggle,feed_domain
https://tr.ee/15z7V0,phishtank_kaggle,feed_domain
https://tr.ee/mu3HmL,phishtank_kaggle,feed_domain
https://tr.ee/lFWRNU,phishtank_kaggle,feed_domain
https://tr.ee/CM64jT,phishtank_kaggle,feed_domain
https://did.li/VhJOf,"phishtank,phishtank_kaggle",feed_domain
https://did.li/EnsDN,"phishtank,phishtank_kaggle",feed_domain
https://did.li/kivaish,"phishtank,phishtank_kaggle",feed_domain
https://surl.li/xktvyu,"phishtank,phishtank_kaggle",feed_domain
https://www.robiox.com.py/users/470452629646/profile,"phishtank,phishtank_kaggle",feed_domain
https://surl.li/clleke,"phishtank,phishtank_kaggle",feed_domain
https://surl.li/aqhdot,phishtank_kaggle,feed_domain
https://ipfs.io/ipfs/bafkreiaif4fgie4pyji62klwev7p5etghjzuzni4eazzibws4de4otk6lm,phishtank_kaggle,feed_domain
https://sin1.contabostorage.com/23fb063bda7d46fb891ae3446809f017:we3mail.inbox.3r3527686567656.mail.u5267876789874567inbox/Inboxmy.html?eta=3mail@a.b.c0,phishtank_kaggle,feed_domain
https://www.5mp.eu/fajlok2/grupovisabeira/index_www.5mp.eu_.html,phishtank_kaggle,feed_domain
https://did.li/JpmUY,phishtank_kaggle,feed_domain
https://tr.ee/yUxIVm,"phishtank,phishtank_kaggle",feed_domain
https://ipfs.io/ipfs/bafybeifwtulprsi6cdrugojhz4nceebrhoybsuikryekgkbwpzcy5p34nu/iiuij.outbox.html,phishtank_kaggle,feed_domain
https://ipfs.io/ipfs/QmR7phLETXDrgYvagBSiqAVWkWdfGzNUgpmG7Mh7o4VtSL?filename=ynew#x@x.com,phishtank_kaggle,feed_domain
https://tr.ee/WFDksn,phishtank_kaggle,feed_domain
https://did.li/cel-il,phishtank_kaggle,feed_domain
https://info.cloudinfolibrary.com/c/1gTz4tGhzk9Uj8YZBCYkZtprH6g,"phishtank,phishtank_kaggle",feed_domain
https://info.cloudinfolibrary.com/c/1gTyzR3ZupRovpyHgoHM67niqmE,"phishtank,phishtank_kaggle",feed_domain
https://info.cloudinfolibrary.com/c/11xepNUJ1wH2JPTS4hYPotSeyiO,"phishtank,phishtank_kaggle",feed_domain
https://did.li/-BankMizrahitefahot,phishtank_kaggle,feed_domain
https://did.li/MizrhiTafahot,"phishtank,phishtank_kaggle",feed_domain
https://tr.ee/exE6Pn,"phishtank,phishtank_kaggle",feed_domain
https://ipfs.io/ipfs/QmaQYZcEbq3Qjq14BekQ6iVupT9gumSQobyeK78UDK4NqR/yure.html#redacted@abuse.ionos.com,phishtank_kaggle,feed_domain
https://tr.ee/v9wvtQ,phishtank_kaggle,feed_domain
https://did.li/Leumi-verify,phishtank_kaggle,feed_domain
https://did.li/KDrDN,phishtank_kaggle,feed_domain
https://ipfs.io/ipfs/bafkreih44aq3shkyypor7dwyphwlkof6kttwbpzthfueo25ibnbl62iwra,phishtank_kaggle,feed_domain
https://www.5mp.eu/fajlok2/igacpt/index_www.5mp.eu_.html,"phishtank,phishtank_kaggle",feed_domain
https://www.5mp.eu/fajlok2/email/index_www.5mp.eu_.html,"phishtank,phishtank_kaggle",feed_domain
https://did.li/zVlUY,"phishtank,phishtank_kaggle",feed_domain
https://www.5mp.eu/fajlok2/scba/index_www.5mp.eu_.html,"phishtank,phishtank_kaggle",feed_domain
https://www.roblox.com.ml/login?returnUrl=6962986911818878,phishtank_kaggle,feed_domain
https://ipfs.io/ipfs/bafkreig3pufj4pmwmu26nzn6yrywtovo5iie4l7bockrolaql7aw3xxmvq/,phishtank_kaggle,feed_domain
https://ipfs.io/ipfs/bafybeieyk36dickyt5sp3lg4leiuc3w474oeqq3eeiwpjbcvyrfa4zrol4,phishtank_kaggle,feed_domain
https://did.li/-Digtal-Leumi,phishtank_kaggle,feed_domain
https://allegrolokalnie.lokalna-9112.shop/oferta/G-Skill-Trident-Z5-DDR5-32GB-6000MHz-CL26-EXPO-RGB-RAM/175712207,phishtank,feed_domain
https://exodus-help-wlt-chiky.wasmer.app/,phishtank,feed_domain
https://notification-543721b.com/str-x1/,phishtank,feed_domain
https://notification-543721b.com/qa-26/,phishtank,feed_domain
https://notification-543721b.com/ppl-cc/login.php,phishtank,feed_domain
https://notification-543721b.com/ppl-cc/,phishtank,feed_domain
https://notification-543721b.com/ing/,phishtank,feed_domain
https://notification-543721b.com/ar68793yfhgjv/,phishtank,feed_domain
https://sancionesgobhgf.com/,phishtank,feed_domain
https://sancionesgobhgf.com/msg.php,phishtank,feed_domain
https://com-exodus-wallet.wasmer.app/,phishtank,feed_domain
https://starttrejor-io-usa.wasmer.app/,phishtank,feed_domain
https://a01i-w3bm1a10.wasmer.app/,phishtank,feed_domain
https://free-blue-verified-badge.surge.sh/,phishtank,feed_domain
https://a01l1-a01lw3bma1l.wasmer.app/,phishtank,feed_domain
https://apply-on-free-here.surge.sh/,phishtank,feed_domain
https://small-desktop-233616.framer.app/,phishtank,feed_domain
https://logical-example-931988.framer.app/,phishtank,feed_domain
https://txd.36a.mytemp.website/,phishtank,feed_domain
https://intelligent-fact-583157.framer.app/,phishtank,feed_domain
https://justcharterupdate.framer.website/,phishtank,feed_domain
https://apps-uhold-cdn.square.site/,phishtank,feed_domain
https://noble-yak-959506.framer.app/,phishtank,feed_domain
https://reactivate365xs.webcindario.com/,phishtank,feed_domain
https://kaitaaskjdjkx123x123.cfd/,phishtank,feed_domain
https://autoscout24ch.com/,phishtank,feed_domain
https://urlshort-linkmri0hvgk5adv.8go.workers.dev/site/elster-mein-i1xm7l,phishtank,feed_domain
https://validarya2026.webcindario.com/,phishtank,feed_domain
https://chocolate-advantage-077384.framer.app/,phishtank,feed_domain
https://yahoorogersverify.netlify.app/,phishtank,feed_domain
https://calm-perspective-580819.framer.app/,phishtank,feed_domain
https://absicherung-kontakt.com/,phishtank,feed_domain
https://netflixpaymentportalsa.zite.so/,phishtank,feed_domain
https://lh.gecnnrl.com/NeemaHospitalityManagement/download.html,phishtank,feed_domain
https://ingresaahoramx.webcindario.com/,phishtank,feed_domain
https://formulariodesolicitudbhdexpress--allaym02.replit.app/,phishtank,feed_domain
https://my-xfinity.me/,phishtank,feed_domain
https://mon-inscription-prime.com/config/index.php,phishtank,feed_domain
https://signinneflixpayment-reminders.vercel.app/,phishtank,feed_domain
https://wonderful-alpaca-9820bc.netlify.app/,phishtank,feed_domain
https://netflixfree2024.blogspot.com/,phishtank,feed_domain
https://sensational-paletas-10b35a.netlify.app/,phishtank,feed_domain
https://rainbow-bunny-860d07.netlify.app/,phishtank,feed_domain
http://trizorbridge.wasmer.app,phishtank,feed_domain
https://vast-level-897442.framer.app/,phishtank,feed_domain
https://xfinityneete.framer.website/,phishtank,feed_domain
https://wellsfargo-worl.vercel.app/,phishtank,feed_domain
https://webmail1-earthlink-net-newvoicemessage.framer.website/,phishtank,feed_domain
https://true-methodologies-453136.framer.app/,phishtank,feed_domain
https://thrilled-beautifully-508448.framer.app/,phishtank,feed_domain
https://talktalkwebmailupdate.framer.website/,phishtank,feed_domain
https://simple-methodologies-764242.framer.app/,phishtank,feed_domain
https://spectrumemailupdateme.framer.website/,phishtank,feed_domain
https://startweb.framer.website/logun,phishtank,feed_domain
https://practical-phone-378659.framer.app/,phishtank,feed_domain
https://particular-reassurance-715713.framer.app/,phishtank,feed_domain
https://pretty-aspects-327675.framer.app/,phishtank,feed_domain
https://ndax-sign-inn.webflow.io/,phishtank,feed_domain
https://numerous-meerkat-769463.framer.app/,phishtank,feed_domain
https://multiple-walkthroughs-956359.framer.app/,phishtank,feed_domain
https://newone101.framer.website/,phishtank,feed_domain
https://many-future-715254.framer.app/,phishtank,feed_domain
https://submit-req-now1.surge.sh/,phishtank,feed_domain
https://request-submit-here-form.surge.sh/,phishtank,feed_domain
https://remove-violations.surge.sh/,phishtank,feed_domain
https://remove-violations.surge.sh/index.html,phishtank,feed_domain
http://surl.li/yzfcqy,phishtank,feed_domain
https://surl.li/yzfcqy,phishtank,feed_domain
https://groooufffgruisbdj.duckdns.org/,phishtank,feed_domain
https://l0ginxftjtjtjupdatetjtj96956200ne9tj.webflow.io/,phishtank,feed_domain
http://l0ginxftjtjtjupdatetjtj96956200ne9tj.webflow.io,phishtank,feed_domain
https://outlookmailwww.webcindario.com/,phishtank,feed_domain
https://submit-application.surge.sh/,phishtank,feed_domain
https://emulated-emoh-dne-review.surge.sh/,phishtank,feed_domain
https://sbcverify-1e6d20.webflow.io/,phishtank,feed_domain
https://usc1.contabostorage.com/cbd87b8bffea47f59a6824a5e2f52b5b:webmail/ionos.html#cmVkYWN0ZWRAYWJ1c2UuaW9ub3MuY29t,phishtank,feed_domain
https://miaexs.us.cc/5g/home.html,phishtank,feed_domain
https://usc1.contabostorage.com/1fbaca6c7e0d4701814f97352d90d5e0:aruba/aruba.html,phishtank,feed_domain
https://ipfs.io/ipfs/bafybeickd7vkntkruqnfotqgwjamawrjsm2wjezszll7qcnpivkqu2fu7y,phishtank,feed_domain
https://ipfs.io/ipfs/bafybeielpbdrhjn7oq36oluzq456qguw65fp2v3p735jge7l33xdqfjxmy,phishtank,feed_domain
https://metanask-download.com/metamask/welcome.php,phishtank,feed_domain
http://phemayameltahub.site,phishtank,feed_domain
https://did.li/Olnba,phishtank,feed_domain
https://did.li/t6Ux5,phishtank,feed_domain
https://bitly.cx/UAmH,phishtank,feed_domain
https://bitly.cx/Ia3v,phishtank,feed_domain
https://come.ac/at7Z0,phishtank,feed_domain
https://come.ac/6QnWX,phishtank,feed_domain
http://sp19ct7-farek-biz-dulen-koris.pages.dev/,phishtank,feed_domain
http://bernavi-gld-lentora-p4t6fq97.pages.dev/,phishtank,feed_domain
https://amigosdelasantacruz-commits.github.io/instagram/,phishtank,feed_domain
https://bitly.cx/u45oS,phishtank,feed_domain
https://bitly.cx/SWAA5,phishtank,feed_domain
https://bitly.cx/mNLow,phishtank,feed_domain
https://bitly.cx/VrgnD,phishtank,feed_domain
https://bitly.cx/LdYCf,phishtank,feed_domain
http://yaykiranotomotiv.com/images/ladztwi/aqxlzrd/uf1xptz/security/dmlkorea.html,phishtank,feed_domain
https://did.li/qQbJw,phishtank,feed_domain
https://did.li/Yy1gT,phishtank,feed_domain
https://tr.ee/Darsmacsdb151,phishtank,feed_domain
https://disabled-peach-m28zu4sp.edgeone.dev/houch.html,phishtank,feed_domain
http://xelquna-gld-lormeta-r8t6fc57.pages.dev/,phishtank,feed_domain
https://xelquna-gld-lormeta-r8t6fc57.pages.dev/,phishtank,feed_domain
https://did.li/HYrUY,phishtank,feed_domain
https://did.li/b84ZH,phishtank,feed_domain
https://surl.li/gqzvac,phishtank,feed_domain
https://u.to/hkKeIg,phishtank,feed_domain
https://did.li/H1gsl,phishtank,feed_domain
https://did.li/AQOOf,phishtank,feed_domain
https://usc1.contabostorage.com/77d68bae7dfc4d40a0e33282db06dbd5:esk/DocSign.html,phishtank,feed_domain
https://www.roblox.com.ml/games/2753915549/Blox-Fruits?privateServerLinkCode=333234067125848913368471701828,phishtank,feed_domain
https://did.li/hapoalim-online,phishtank,feed_domain
https://come.ac/dGxox,phishtank,feed_domain
https://r6l352kjzvgku.mocha.app/,phishtank,feed_domain
https://trackingservice.monday.com/tracker/link?token=eyJhbGciOiJIUzI1NiIsInR5cCI6IkpXVCJ9.eyJvcmlnaW5hbFVybCI6Imh0dHBzOi8vYXZhbnRlc2hpcHBpbmcuY29tL3dwLWluY2x1ZGVzL3RoZW1lLWNvbXBhdC9lYmsiLCJlbWFpbElkIjoiMDA2YjQwMTctNDM0YS00MWJjLTkxNWQtZDE3ZDZhNzcxMDcwIiwiaWF0IjoxNzgzNjc1MTUwfQ.6rwBds-BbrV5SgZ-7lrOdHkztzAGowx1YnLuAjdtEuU&amp;r=euc1,phishtank,feed_domain
https://avanteshipping.com/wp-includes/theme-compat/ebk,phishtank,feed_domain
https://avanteshipping.com/wp-includes/theme-compat/ebk/index.php?error=1,phishtank,feed_domain
https://prime-video.app/?token=e36df3f8,phishtank,feed_domain
https://prime-video.club/?token=e36df3f8,phishtank,feed_domain
https://prime-video.club/?token=2b97a6f4,phishtank,feed_domain
https://ipfs.io/ipfs/bafybeicwf6n5g4pf3gfaluw7cqwcjyf6m66fuiexxadvkxnwprql5ezuqm,phishtank,feed_domain
https://other-aqua-2qb7qzos.edgeone.app/,phishtank,feed_domain
https://tr.ee/Caspian_Wilder_Details,phishtank,feed_domain
https://2017.peterboonen.be/images/qyxmwzh/ebcfthq/aujdnpi/otslm/loginn.html,phishtank,feed_domain
https://guiaemfoco.com.br/xinfinifix/xinfini/,phishtank,feed_domain
https://shoutout.wix.com/so/0aPyJVADx/c?w=edR8444XFDSYyTyLaLcI2NVb8DrUdE4RD1bLOhJK8Z8.eyJ1IjoiaHR0cHM6Ly9zZWN1cmUtZmlsZS5wYXBlcmludmVzaWduZG9jLmNmZC9BZG9iZS1lZGl0ZWQvLTM2NzM4YWRvLWJlLTk0Nzk0My8tc2hhci1lZmlsZSIsInIiOiJjNDY4Y2U3Ni00MzUzLTRkNGQtYjFjYy1kZTAxYWQxM2MwNjUiLCJtIjoibHAifQ,phishtank,feed_domain
https://s4w.in/https-roblox-com-users-1618119589-profile,phishtank,feed_domain
https://www.robiox.com.py/users/367449687354/profile,phishtank,feed_domain
https://did.li/KL2bG8,phishtank,feed_domain
https://tr.ee/lmentorcruise,phishtank,feed_domain
https://tr.ee/sWf3EB,phishtank,feed_domain
https://tr.ee/KvOeqH,phishtank,feed_domain
https://usc1.contabostorage.com/3bb9dfb6e1eb421aad93c14d14f8edb4:bless874/all-domain1.html,phishtank,feed_domain
https://tr.ee/HWsQyCw47m,phishtank,feed_domain
https://did.li/F5XgT,phishtank,feed_domain
https://did.li/FrSx5,phishtank,feed_domain
https://did.li/sNMOf,phishtank,feed_domain
https://to.lk/MvUTaV,phishtank,feed_domain
https://www.roblox.com.mu/games/16732694052/Fisch-KING-CRABSTLE?privateServerLinkCode=35531403359803472002930024214540,phishtank,feed_domain
https://tr.ee/k4_8Jjw3O1,phishtank,feed_domain
https://surl.li/hcancz,phishtank,feed_domain
https://www.robiox.com.ps/users/6640398912/profile,phishtank,feed_domain
https://surl.li/wlkumd,phishtank,feed_domain
https://ipfs.io/ipfs/QmdGmRus7DLvehTUKAuZ4NEQ8rUicxe4NZkgKaRWcCwNMy/Ganda.html,phishtank,feed_domain
https://ipfs.io/ipfs/bafkreiazyj2gljuogsm4afghneayisrjwpi66ocpefoy44jkaf6go45n6a,phishtank,feed_domain
https://trackingservice.monday.com/tracker/link?token=eyJhbGciOiJIUzI1NiIsInR5cCI6IkpXVCJ9.eyJvcmlnaW5hbFVybCI6Imh0dHBzOi8vYXZhbnRlc2hpcHBpbmcuY29tL3dwLWluY2x1ZGVzL0lEMy8tL2VzYmsiLCJlbWFpbElkIjoiMzk0ZTNjY2MtZTc3Zi00OTkxLTk1MTctMWY1ZDU5MjU2ZWVlIiwiaWF0IjoxNzgyNDYwNzg5fQ.1jcDD8iWKW8g9uyKY98PuNnuzN4488ANckcxQTWLA4Q&amp;r=euc1,phishtank,feed_domain
https://vo.la/yJc2SeH,phishtank,feed_domain
https://avanteshipping.com/-/appesbdk/,phishtank,feed_domain
https://come.ac/7OdDQ,phishtank,feed_domain
https://ipfs.io/ipfs/bafkreia6tn4q5tjeuu6bniducfjdawtuih44wrq7jihqo47esd2q2m54g4?eta=study@mup.cz,phishtank,feed_domain
https://ipfs.io/ipfs/bafkreia6tn4q5tjeuu6bniducfjdawtuih44wrq7jihqo47esd2q2m54g4?eta=,phishtank,feed_domain
https://ipfs.io/ipfs/bafkreia6tn4q5tjeuu6bniducfjdawtuih44wrq7jihqo47esd2q2m54g4,phishtank,feed_domain
https://roblox.com.kz/users/1618139589/profile,phishtank,feed_domain
https://s4w.in/https-roblox-com-users-1318139589-profile,phishtank,feed_domain
http://roblox.com.mu/communities/1721764381/REDLINER,phishtank,feed_domain
https://did.li/OFvDN,phishtank,feed_domain
https://ipfs.io/ipfs/bafybeihvkzi5r4y2shx45ofqgtxhw3vbsuzsrjolhcighvhhawb5eii7yu,phishtank,feed_domain
https://ipfs.io/ipfs/bafybeiba5t7gefttnj6v45j2sxtjn5mi5rmgrkpvn47h2psozuu6sqc5wm,phishtank,feed_domain
https://ipfs.io/ipfs/bafkreic2cgpx2adel4eoydinps6gproqllsfnsghk2qwyk4lyyogxze2zi,phishtank,feed_domain
https://did.li/N7AmC,phishtank,feed_domain
https://tr.ee/w8651l,phishtank,feed_domain
https://tr.ee/PosIND3,phishtank,feed_domain
https://usc1.contabostorage.com/2c982e1d6d4c4f9d9a5d2f875ea22c09:oop/all-domaiin.html,phishtank,feed_domain
https://come.ac/ZE2Ts,phishtank,feed_domain
https://www.r.oblox.com.et/users/3674226821/profile,phishtank,feed_domain
https://ipfs.io/ipns/k51qzi5uqu5dhbyirysqf4hmet8loes3boujt0q6xlnyzi3tdd5uc2m7u3h0uv,phishtank,feed_domain
https://tr.ee/xNOmKr,phishtank,feed_domain
https://www.5mp.eu/fajlok2/uptcp/sm_www.5mp.eu_.html,phishtank,feed_domain
https://www.5mp.eu/fajlok2/uptcp/mail_www.5mp.eu_.html,phishtank,feed_domain
https://confidio-check.free.nf/it/fatture/,phishtank,feed_domain
https://tr.ee/cSMKY6,phishtank,feed_domain
https://did.li/aHAmC,phishtank,feed_domain
https://tr.ee/p_VRgbDwmM,phishtank,feed_domain
https://come.ac/se-unsaorg,phishtank,feed_domain
https://oki.jtu.mybluehost.me/wp-includes/assets/swiss/swisscom/ch/index.asp.php?6739354637a4d20ac3b341d9ccd930ad,phishtank,feed_domain
https://faccebook.com.vn/timbannaygapngay30052026awd?a,phishtank,feed_domain
https://did.li/giv-li,phishtank,feed_domain
https://surl.li/zfqlxi,phishtank,feed_domain
https://surl.li/xynymz,phishtank,feed_domain
https://surl.li/oetijm,phishtank,feed_domain
https://ipfs.io/ipfs/bafkreiepya3e7nmnxzmmnlc77dlpxaks5j2axtbg2qdfis6k34sbs56uui,phishtank,feed_domain
https://surl.li/vrdmcn,phishtank,feed_domain
https://surl.li/tersot,phishtank,feed_domain
https://surl.li/lusydw,phishtank,feed_domain
https://www.roblox.com.ml/users/132558458859/profile,phishtank,feed_domain
https://surl.li/ifwlaz,phishtank,feed_domain
https://tr.ee/V8AHgF,phishtank,feed_domain
https://surl.li/rsloxw,phishtank,feed_domain
https://surl.li/edjwjn,phishtank,feed_domain
https://tr.ee/B3ULCM,phishtank,feed_domain
https://trackingservice.monday.com/tracker/link?token=eyJhbGciOiJIUzI1NiIsInR5cCI6IkpXVCJ9.eyJvcmlnaW5hbFVybCI6Imh0dHBzOi8vYXZhbnRlc2hpcHBpbmcuY29tL3dwLWFkbWluL21haW50Ly0vbnNrIiwiZW1haWxJZCI6IjMzYTk0ZTEzLTAxZDgtNDY1NC1hM2IzLTZhYzRhYmE4MDliNiIsImlhdCI6MTc3OTk3MDk5NX0.H9kaZcmK2F4qGmfLdXnRz8GD1rueNSqK7S4AgKvkhXk&amp;r=euc1,phishtank,feed_domain
https://avanteshipping.com/wp-admin/maint/-/nsk/,phishtank,feed_domain
https://eu2.contabostorage.com/3f9e41b4db954a28a5a440f81cecbf3a:cflex/kigo.html,phishtank,feed_domain
https://ipfs.io/ipfs/bafkreiaky46wm3oz7foongzumockkkfsuohpm6v7gu4gca7gfyszt6tluy#a@b.com,phishtank,feed_domain
https://ipfs.io/ipfs/bafkreifp3aqnergcqrlp5up4oroeb5b2ut55b5hzi7l5a76nmumqbqipay#a@b.com,phishtank,feed_domain
https://www.roblox.com.et/users/924800240898/profile,phishtank,feed_domain
https://tr.ee/LsSXwd,phishtank,feed_domain
https://surl.li/xenipe,phishtank,feed_domain
https://www.robiox.com.ps/users/9266336035/profile,phishtank,feed_domain
https://did.li/lojba,phishtank,feed_domain
https://goo.su/PRVj0tH,phishtank,feed_domain
https://surl.li/sjddxh,phishtank,feed_domain
https://ipfs.io/ipfs/bafybeigkdzwrfaszzbdgf6urvbd2bcm2f53dk5plz3yunv57uvdipmc7kq,phishtank,feed_domain
https://aizhara.apsny.land/assfv43/log.php?ip=54.38.153.179,phishtank,feed_domain
https://ipfs.io/ipfs/bafkreibihwgzhia5dufn5eqhsuo5fej3li2shfthp76sr74dtpellkvc3q,phishtank,feed_domain
https://goo.su/MVEtfov,phishtank,feed_domain
https://surl.li/uvmuey,phishtank,feed_domain
https://www.roblox.et/communities/6946372401/Avatar-Designers#!/about,phishtank,feed_domain
https://trackingservice.monday.com/tracker/link?token=eyJhbGciOiJIUzI1NiIsInR5cCI6IkpXVCJ9.eyJvcmlnaW5hbFVybCI6Imh0dHBzOi8vd2FkZHl3b3Jrcy5jb20vLS9lYXN5LXAyLyIsImVtYWlsSWQiOiJkNDQ2OWYxZi00YTA2LTQyODktYWEyNi05NWEyOGE3MjJjZDQiLCJpYXQiOjE3Nzg5OTY0OTN9.0am0zop60C82bZZSgB0jJJeBlTdGsYsh8_sap3MdQYI&amp;r=euc1,phishtank,feed_domain
https://tr.ee/nPD92e,phishtank,feed_domain
https://tr.ee/oJ8qnP,phishtank,feed_domain
https://tr.ee/ftRVLY,phishtank,feed_domain
https://www.flow.page/yahoo898,phishtank,feed_domain
https://surl.li/nkayto,phishtank,feed_domain
https://www.robiox.com.ps/communities/114496700/ARTS#!/about,phishtank,feed_domain
https://tr.ee/DSpSzl,phishtank,feed_domain
https://tr.ee/tGBEUG,phishtank,feed_domain
https://ipfs.io/ipfs/bafkreibyljmt5scyuoccu3ucintoqyfi33tvk6gvwng4pniq3pnoahrva4,phishtank,feed_domain
https://tr.ee/RoY3A6,phishtank,feed_domain
https://tr.ee/4B7cmK,phishtank,feed_domain
https://tr.ee/robloxcondo,phishtank,feed_domain
https://did.li/ONKOf,phishtank,feed_domain
https://ipfs.io/ipfs/bafkreifyg4k3cbyzxktgjfne37ywt5hll2oh3blz36s7thw7xvrjkdhsf4,phishtank,feed_domain
https://ipfs.io/ipfs/bafkreicxnopjfeag6qgjgjcpgyctpqpqr2i4uglpw2j5aiezgtqpwrtgg4,phishtank,feed_domain
https://tr.ee/y2Yzst,phishtank,feed_domain
https://surl.li/vijamw,phishtank,feed_domain
https://vo.la/Mi8Uw1a,phishtank,feed_domain
https://did.li/RRtDN,phishtank,feed_domain
https://tr.ee/MiOiT2,phishtank,feed_domain
http://goo.su/O9pb7i,phishtank,feed_domain
https://tr.ee/OI5puy,phishtank,feed_domain
https://tr.ee/0gikka,phishtank,feed_domain
https://did.li/9rKOf,phishtank,feed_domain
https://trackingservice.monday.com/tracker/link?token=eyJhbGciOiJIUzI1NiIsInR5cCI6IkpXVCJ9.eyJvcmlnaW5hbFVybCI6Imh0dHBzOi8vY29uYXNlZ3VyLmNvbS5jby9zeXBzIiwiZW1haWxJZCI6ImRmYzc0MTVhLWZkOGUtNDgxNi1hOWM5LTVhOWU2NjE5MjFmMyIsImlhdCI6MTc3NTUyMzk0Nn0.nU3OE5ls4UCbbyLtt44fjUn8T6EUIzz4rW_-nA9bnRU&amp;r=euc1,phishtank,feed_domain
https://surl.li/jyatzf,phishtank,feed_domain
https://tr.ee/roixijATAV,phishtank,feed_domain
https://www.robiox.com.ps/communities/6445822860/MudDogs#!/about,phishtank,feed_domain
https://www.robiox.com.ps/__challenge?url=%2Fcommunities%2F6445822860%2FMudDogs,phishtank,feed_domain
https://surl.li/qxnuyf,phishtank,feed_domain
https://u.to/gift/zhp9Ig,phishtank,feed_domain
https://ipfs.io/ipfs/bafkreiggf7hy4macie6x5ya6vea3scvs7mtmalu5v2w5p6b56qg7tbaqcu,phishtank,feed_domain
http://lnk.ink/x1aq3,phishtank,feed_domain
https://www.robiox.com.py/users/323529055501/profile,phishtank,feed_domain
https://did.li/-mizrahetefahot-he,phishtank,feed_domain
https://tr.ee/19yTtY,phishtank,feed_domain
https://did.li/OqVgT,phishtank,feed_domain
https://ipfs.io/ipfs/QmZcBAKpQ9j99XkBExQnmgvxDpCvBgz8i8UpyjYtFdjjdR/nbs.htm,phishtank,feed_domain
https://surl.li/mqufog,phishtank,feed_domain
https://surl.li/jztvyj,phishtank,feed_domain
https://surl.li/abxqev,phishtank,feed_domain
https://lnk.ink/apple.in.com,phishtank,feed_domain
https://webmail-slposta-sk-owa.weebly.com/,phishtank,feed_domain
https://systemallianceinnovation.weebly.com/,phishtank,feed_domain
https://silly-studies-327811.framer.app/,phishtank,feed_domain
https://auth-spectrum-net-login09.framer.ai/,phishtank,feed_domain
https://m2icrosfoftonilelogin.framer.website/,phishtank,feed_domain
https://successful-colors-257629.framer.app/,phishtank,feed_domain
https://diplomatic-community-043647.framer.app/,phishtank,feed_domain
https://fuchsia-graphs-773214.framer.app/,phishtank,feed_domain
https://xfinityconnnects.netlify.app/,phishtank,feed_domain
https://ledger-com-start-sso-web.typedream.app/,phishtank,feed_domain
https://secure-page-editor--createforlife.replit.app/,phishtank,feed_domain
https://security-server-docs--govmentdded.replit.app/,phishtank,feed_domain
https://secure-server-page--microsoftteam0.replit.app/,phishtank,feed_domain
https://fghfhfghyfg.weebly.com/,phishtank,feed_domain
https://home-103273-107092.weeblysite.com/,phishtank,feed_domain
https://connectsecurehomelaiding.weebly.com/,phishtank,feed_domain
https://myxfinitymailorg.framer.website/,phishtank,feed_domain
https://yournetflixaccount.com/pages/index.php,phishtank,feed_domain
https://yournetflixaccount.com/,phishtank,feed_domain
https://paket.info.158-158-1-61.cpanel.site/pl/kasse.php?2kh6by2fuuo3zqfpb5zx,phishtank,feed_domain
https://cyan-ice-675590.framer.app/,phishtank,feed_domain
https://xfinityajsj-pao.weebly.com/,phishtank,feed_domain
https://peaceful-copy-420603.framer.app/,phishtank,feed_domain
https://eternal-team-881838.framer.app/,phishtank,feed_domain
https://glorious-shape-173131.framer.app/,phishtank,feed_domain
https://adventurous-phone-453873.framer.app/,phishtank,feed_domain
https://serene-tools-866048.framer.app/,phishtank,feed_domain
https://majdsuxi.us.cc/5g/home.html,phishtank,feed_domain
https://prime-fact75875.com/suivi,phishtank,feed_domain
https://ledgecosnmtart.webflow.io/,phishtank,feed_domain
https://cr590527.tw1.ru/,phishtank,feed_domain
https://segurossurah360.vercel.app/,phishtank,feed_domain
https://solicitudyaumentoagrupoamigo360.vercel.app/,phishtank,feed_domain
https://solicitudyaumentodecupobancol360.vercel.app/,phishtank,feed_domain
https://bazecoin-extnsn.framer.ai/,phishtank,feed_domain
https://securechaseonline.vercel.app/,phishtank,feed_domain
https://concerned-frame-480538.framer.app/,phishtank,feed_domain
https://d2dfc544-399b-45a9-8d61-2d0e4f9e452e-00-1udgw3ohkf664.riker.replit.dev/,phishtank,feed_domain
http://txd.36a.mytemp.website/,phishtank,feed_domain
https://kconnlogoc.webflow.io/,phishtank,feed_domain
https://158-158-1-61.cprapid.com/pl/,phishtank,feed_domain
https://158-158-1-61.cprapid.com/pl/track.php,phishtank,feed_domain
https://158-158-1-61.cprapid.com/pl/update.php,phishtank,feed_domain
https://site-bqurjatch.godaddysites.com/,phishtank,feed_domain
https://quiet-tulip-244862.framer.app/,phishtank,feed_domain
https://other-help-488578.framer.app/,phishtank,feed_domain
https://xfupgradereset.framer.ai/,phishtank,feed_domain
https://connectxverificationproappsuit.framer.wiki/,phishtank,feed_domain
https://delicious-yards-534105.framer.app/,phishtank,feed_domain
https://delightful-home-526187.framer.app/,phishtank,feed_domain
https://visual-mango-396940.framer.app/,phishtank,feed_domain
https://make-courgette-949087.framer.app/,phishtank,feed_domain
https://eu2.contabostorage.com/289e5c6e687146c3820b35557177a380:siling/shimaking.htm,phishtank,feed_domain
https://sympathetic-forms-118600.framer.app/,phishtank,feed_domain
https://verify-auth.s3.us-west-1.amazonaws.com/auth-veri.html?eta=,phishtank,feed_domain
https://separate-apricot-hbdffwuz.edgeone.dev/,phishtank,feed_domain
https://gbiv.netlify.app/,phishtank,feed_domain
https://bigframe.netlify.app/,phishtank,feed_domain
https://asfmvcxk.eu.cc/es,phishtank,feed_domain
https://poetic-raindrop-6b2d15.netlify.app/,phishtank,feed_domain
https://cool-hummingbird-0ff756.netlify.app/,phishtank,feed_domain
https://instagramhelp.whf.bz,phishtank,feed_domain
https://ledger-wallets-auth-graphical.vercel.app/ledger%20form/verify.html,phishtank,feed_domain
https://ledger-wallet.vercel.app/,phishtank,feed_domain
https://banhcafe4.github.io/belloo/,phishtank,feed_domain
http://fuz.za.com/metalworkservice/,phishtank,feed_domain
https://bybitrifuhvidvjsdnkjvnsdjki.netlify.app/,phishtank,feed_domain
https://wtestresolve-ena.pages.dev/,phishtank,feed_domain
https://heliusonbaording.pages.dev/,phishtank,feed_domain
https://dextestresolve-2qe.pages.dev/,phishtank,feed_domain
https://aerodromeresolve.pages.dev/,phishtank,feed_domain
https://zqhi-vyu-excih-7eg-mgsubs.pages.dev/,phishtank,feed_domain
https://zor-xqrc8c-04k-nzv0-k0q5nq.pages.dev/,phishtank,feed_domain
https://zcw6-0pl-8keetw-813mpj-fk9.pages.dev/,phishtank,feed_domain
https://z4dw-4nio-cw5vf-z3p-kf4-rl7b6.pages.dev/,phishtank,feed_domain
https://yimqj-bqo-w75-5qug-7u11vw.pages.dev/,phishtank,feed_domain
https://yfhcn445nh-xkvdjlpw-1b1a8d-yfh50c.pages.dev/,phishtank,feed_domain
https://y54s8p-er2-rdlrnt-xivf-jk00.pages.dev/,phishtank,feed_domain
https://xkjgjv-gfhr7-03o-wrg71u-k8xoa.pages.dev/,phishtank,feed_domain
https://xin3vs-1nm-o0fae8-bbua80.pages.dev/,phishtank,feed_domain
https://xelzavi-kig-fentora-c7x2fc45.pages.dev/,phishtank,feed_domain
https://xelquro-gld-zarmita-c7m4hp68.pages.dev/,phishtank,feed_domain
https://x6j-8qxax-fi2yqg-sybxrp-l2mkkr.pages.dev/,phishtank,feed_domain
https://x2ae7-m5q0t1-9kz-cxdn6p-zgi.pages.dev/,phishtank,feed_domain
https://wjrsk8agpxo-mzgqlmja-9e5f9b-wjr06c.pages.dev/,phishtank,feed_domain
https://we4-n716e-5nijgj-am73-8dh.pages.dev/,phishtank,feed_domain
https://wbple7-1gv-jsg-gujo3-b4nr.pages.dev/,phishtank,feed_domain
https://w70m-7qt-p4i-3w6ywy-id9ax2.pages.dev/,phishtank,feed_domain
https://w1xgy-ddna0-x5cczz-f9h-i9s9qa.pages.dev/,phishtank,feed_domain
https://w10-2abw-8hgms-ndt-95c-z1m.pages.dev/,phishtank,feed_domain
https://w009zi-dc67dx-ssl-rz5-tvygz3.pages.dev/,phishtank,feed_domain
https://vxxqbm-a5zc-p1r-vhiuwt-5es278.pages.dev/,phishtank,feed_domain
https://vxk5q-wh27-edjt-tz4xy3-1svhl4.pages.dev/,phishtank,feed_domain
https://vronz-vlypx-zclod-7e26cf-urkt-zorgon.pages.dev/,phishtank,feed_domain
https://vormelu-gld-belquro-r5m3dw41.pages.dev/,phishtank,feed_domain
https://vormelo-gld-larqumi-r1q5dk63.pages.dev/,phishtank,feed_domain
https://tsatw-81n-d7u-0c6u-952iy.pages.dev/,phishtank,feed_domain
https://trelvo-samrik-46f29d-brbn-hf2406xto.pages.dev/,phishtank,feed_domain
https://travixa-gld-zarquni-r6m7hp15.pages.dev/,phishtank,feed_domain
https://to3y14-az8mby-7xj-jjdu1-4pwix.pages.dev/,phishtank,feed_domain
https://tg5tg-wf4c-4oai-x163b8-4wli.pages.dev/,phishtank,feed_domain
https://tda2-9n9kv-a9q3-02ndsp-ohzc.pages.dev/,phishtank,feed_domain
https://t5d8e-qjh-ate9-1z9omv-a4px.pages.dev/,phishtank,feed_domain
https://syzmm-y1z-9os6ik-d81n-9hu0w.pages.dev/,phishtank,feed_domain
https://sxyc9-ngu-j0jq10-1qz9-d1u.pages.dev/,phishtank,feed_domain
https://sud-0qek4-n2z-lb3cm-e6e-w6i37q.pages.dev/,phishtank,feed_domain
https://stkl-f07ata-gsbmb-5ge3-oe4lgw.pages.dev/,phishtank,feed_domain
https://sp7ct-jorqal-biz8-mesnor-plavik.pages.dev/,phishtank,feed_domain
https://sp4ct-wardelon-biz8-lorex-kasok.pages.dev/,phishtank,feed_domain
https://sp4ct-savorek-biz8-forax-lunem.pages.dev/,phishtank,feed_domain
https://sp4ct-qelmorin-biz8-lorem-zafun.pages.dev/,phishtank,feed_domain
https://sp4ct-orvakon-biz8-larem-dusik.pages.dev/,phishtank,feed_domain
https://sp3ct-zelvik-biz8-korsan-hudek.pages.dev/,phishtank,feed_domain
https://sp3ct-yolqik-biz8-dersan-furem.pages.dev/,phishtank,feed_domain
https://sp3ct-xorvak-biz8-turnel-qimor.pages.dev/,phishtank,feed_domain
https://sp3ct-vesnak-biz8-kolqer-lidun.pages.dev/,phishtank,feed_domain
https://sp3ct-renlor-biz8-makvik-hosen.pages.dev/,phishtank,feed_domain
https://sp3ct-purnex-biz8-kelvik-sarom.pages.dev/,phishtank,feed_domain
https://sp3ct-purnel-biz8-falqor-mivan.pages.dev/,phishtank,feed_domain
https://sp3ct-nexqor-biz8-pardel-fusim.pages.dev/,phishtank,feed_domain
https://sp3ct-morqas-biz8-telvik-hurem.pages.dev/,phishtank,feed_domain
https://sp3ct-lasqen-biz8-horvak-pirel.pages.dev/,phishtank,feed_domain
https://sp3ct-lanvik-biz8-forsel-qadun.pages.dev/,phishtank,feed_domain
https://sp3ct-karnel-biz8-volrik-fasen.pages.dev/,phishtank,feed_domain
https://sp3ct-helvok-biz8-prasik-dunor.pages.dev/,phishtank,feed_domain
https://sp3ct-drelok-biz8-havqen-misur.pages.dev/,phishtank,feed_domain
https://sp3ct-brenas-biz8-falqor-litem.pages.dev/,phishtank,feed_domain
https://sp3ct-borvik-biz8-hesnar-qifel.pages.dev/,phishtank,feed_domain
https://sp29ct-qelvik-biz-zarmel-hontak.pages.dev/,phishtank,feed_domain
https://sp29ct-lorqik-biz-femtor-varnel.pages.dev/,phishtank,feed_domain
https://sp29ct-lavqen-biz-forsik-merkal.pages.dev/,phishtank,feed_domain
https://sp29ct-kalvik-biz-femtor-hansel.pages.dev/,phishtank,feed_domain
https://sp10ct-valem-biz8-lurek-fodin.pages.dev/,phishtank,feed_domain
https://sp10ct-vafik-biz8-lurem-zosen.pages.dev/,phishtank,feed_domain
https://sp10ct-tarok-biz8-furem-dazin.pages.dev/,phishtank,feed_domain
https://sp10ct-surek-biz8-zavom-lirek.pages.dev/,phishtank,feed_domain
https://sp10ct-rurek-biz8-folim-maven.pages.dev/,phishtank,feed_domain
https://sp10ct-ralom-biz8-kurem-fasel.pages.dev/,phishtank,feed_domain
https://sp10ct-purem-biz8-korep-dazin.pages.dev/,phishtank,feed_domain
https://sp10ct-nurev-biz8-lokam-fires.pages.dev/,phishtank,feed_domain
https://sp10ct-nalem-biz8-murek-lovin.pages.dev/,phishtank,feed_domain
https://sp10ct-lafik-biz8-durem-zorel.pages.dev/,phishtank,feed_domain
https://sp10ct-jurem-biz8-mafor-zilek.pages.dev/,phishtank,feed_domain
https://sp10ct-jurel-biz8-darev-fosin.pages.dev/,phishtank,feed_domain
https://sp10ct-jurek-biz8-lovek-mazin.pages.dev/,phishtank,feed_domain
https://sp10ct-hurep-biz8-kavem-doril.pages.dev/,phishtank,feed_domain
https://sp10ct-hovam-biz8-kurex-lisen.pages.dev/,phishtank,feed_domain
https://sp10ct-gurex-biz8-kafem-lorin.pages.dev/,phishtank,feed_domain
https://sp10ct-gurem-biz8-movel-kasin.pages.dev/,phishtank,feed_domain
https://sp10ct-gorev-biz8-murep-zalin.pages.dev/,phishtank,feed_domain
https://sp10ct-furex-biz8-lozam-kirel.pages.dev/,phishtank,feed_domain
https://sp10ct-durex-biz8-folam-zirev.pages.dev/,phishtank,feed_domain
https://sp10ct-durex-biz8-folam-zirev-d6o.pages.dev/,phishtank,feed_domain
https://sp10ct-dorek-biz8-zurem-kafin.pages.dev/,phishtank,feed_domain
https://sp10ct-dafem-biz8-murek-lorin.pages.dev/,phishtank,feed_domain
https://sp10ct-curex-biz8-lomar-vesik.pages.dev/,phishtank,feed_domain
https://sp10ct-curev-biz8-fazom-lirep.pages.dev/,phishtank,feed_domain
https://sp10ct-curek-biz8-farem-lovin.pages.dev/,phishtank,feed_domain
https://sp10ct-corem-biz8-zuram-lifek.pages.dev/,phishtank,feed_domain
https://quas7-qfv9-q26ep-h8p8h-vd2y7.pages.dev/,phishtank,feed_domain
https://qernelo-gld-lormavi-a2k3dw79.pages.dev/,phishtank,feed_domain
https://q83m-gtxu-596487-k3tr3-44gbd.pages.dev/,phishtank,feed_domain
https://pygq-lulrq-wnc-lv1v2a-hsie2.pages.dev/,phishtank,feed_domain
https://pvga-gxj-udc5-q2y-wxaa0-8ud.pages.dev/,phishtank,feed_domain
https://pldxu-jpa-dakfrj-zivem-eroo.pages.dev/,phishtank,feed_domain
https://pl6c-wbak2s-kkff8e-rllgwp.pages.dev/,phishtank,feed_domain
https://p4xv-w9h1c-t29435-r6t6u-f5ubzc.pages.dev/,phishtank,feed_domain
https://ozbv-s6a3mk-rvhbj7-42s69.pages.dev/,phishtank,feed_domain
https://oyhzy-v6kvlc-hu74-6tuh-gvo.pages.dev/,phishtank,feed_domain
https://owxc2v-vb5u2-yupgq-zmft0g.pages.dev/,phishtank,feed_domain
https://okzsah-38pd-jvw-wbsma4-pknr.pages.dev/,phishtank,feed_domain
https://ojxp-p7ls-o9cks-akvlyx-yd3kr.pages.dev/,phishtank,feed_domain
https://ojt-zp3-habj2-30d-vve-nrqd.pages.dev/,phishtank,feed_domain
https://of1-qdb1-pfscbe-m6zk-zlgxtb.pages.dev/,phishtank,feed_domain
https://o2wz-eis-jtnm-4cc-4on-k09w.pages.dev/,phishtank,feed_domain
https://ntn2so-xdbdw-ruz8b6-xw4j.pages.dev/,phishtank,feed_domain
https://njbp7-7m4vn4-2wg-4hnj-pldu.pages.dev/,phishtank,feed_domain
https://mxy090-i6zaj-2y5-t3vwhy-qq5n.pages.dev/,phishtank,feed_domain
https://ms22r-2xm-jsd9-kfbcg-cjhc2.pages.dev/,phishtank,feed_domain
https://morlita-kig-felquro-r4x8dw26.pages.dev/,phishtank,feed_domain
https://mjf3-7m1q-k1g77-pi2vn6-gshs.pages.dev/,phishtank,feed_domain
https://mc7-t7r-mueh-8or-yqhlqk-74qrb.pages.dev/,phishtank,feed_domain
https://mb8905-vxepq9-uz89o-d2j-pbv.pages.dev/,phishtank,feed_domain
https://majzstic-dout-8241f2-grb1204-bb-2406zcn.pages.dev/,phishtank,feed_domain
https://m1c2c-iz1u08-9wq-n44v-fw8.pages.dev/,phishtank,feed_domain
https://lxm0js-yvp-63kbp-v8ifyt-nv5b.pages.dev/,phishtank,feed_domain
https://lww-jslbt1-rvfpu-n36tl-w34k9r.pages.dev/,phishtank,feed_domain
https://lw1j6-db3ts-eti4is-dyo-nfvr.pages.dev/,phishtank,feed_domain
https://lr1z9-zlym-pkl-8ghy-slusx.pages.dev/,phishtank,feed_domain
https://lovzy-daifuku-9b1d7c-ht1204g-b-2406vhw.pages.dev/,phishtank,feed_domain
https://lcs5-7bfe-tji-4o5-04nrzp.pages.dev/,phishtank,feed_domain
https://lae47-z8x6u-m7z-yvde-ebp6.pages.dev/,phishtank,feed_domain
https://l6yw-h5x-mzrx-uono-j6nf-hef802.pages.dev/,phishtank,feed_domain
https://l6t-0at-1fguw6-hfo67-hy9.pages.dev/,phishtank,feed_domain
https://ks0-s66ao-s2mp68-zl4-yjw98p.pages.dev/,phishtank,feed_domain
https://kg7y1y-espj1w-u0w-egt-vy4y5.pages.dev/,phishtank,feed_domain
https://k1ppj0-hzup-5cka2p-ym5k4.pages.dev/,phishtank,feed_domain
https://hz9-b1mk-5eg61-j7myx-j7e1nq.pages.dev/,phishtank,feed_domain
https://hskm0-4ptyr-02ic-ftes5-6ra.pages.dev/,phishtank,feed_domain
https://hpf1r8-yjwemc-wu9fk-oji-6ue.pages.dev/,phishtank,feed_domain
https://hkdo-eq8-snu-q2od2-cfz3-4seu6.pages.dev/,phishtank,feed_domain
https://hk4-7h3cx-xqhoa-e2b-q0s-s320.pages.dev/,phishtank,feed_domain
https://h1nxr-hv5cg4-pgu-w47lb-rq5r0a.pages.dev/,phishtank,feed_domain
https://gor2rw-0qb2r7-4k4mx-x5xr.pages.dev/,phishtank,feed_domain
https://ggee-har6b-ty1p6s-539xis.pages.dev/,phishtank,feed_domain
https://g4lqky-epxe-z5c92-x130x-5p9.pages.dev/,phishtank,feed_domain
https://fn4pn-31h-gmb7o9-2cyq-sdm.pages.dev/,phishtank,feed_domain
https://f6o4cs-g38-1yho-ryv6-c06dmn.pages.dev/,phishtank,feed_domain
https://f1jphe-yotvb-d2d-rpsum-wsoo.pages.dev/,phishtank,feed_domain
https://ei641-w9db-l5dq-2s2q8v-prkum.pages.dev/,phishtank,feed_domain
https://ehq2q1-uom2-v8a-ste-38j52p.pages.dev/,phishtank,feed_domain
https://dravixa-gld-lormeta-r2v6hq39.pages.dev/,phishtank,feed_domain
https://dravexa-kig-larquna-c5t6hp97.pages.dev/,phishtank,feed_domain
https://dpa-s8jh-i4mv4t-uhc-xawm6p.pages.dev/,phishtank,feed_domain
https://ctj-rr9-2e2ui0-3mcc-8we-akbg.pages.dev/,phishtank,feed_domain
https://cocfz-9ek-9k3-c6k7b-q7bcw.pages.dev/,phishtank,feed_domain
https://ciyg-odkrkz-d7eer-jgjybd.pages.dev/,phishtank,feed_domain
https://ciaz8h-8njujr-xch4l-nr1b.pages.dev/,phishtank,feed_domain
https://cfzpv-pubzm-g0y2-062-tdv.pages.dev/,phishtank,feed_domain
https://cal0f-zz3-8vfq4-33xph-faryd.pages.dev/,phishtank,feed_domain
https://c9ah9-zih-co3f-cmfeam-cwdtk.pages.dev/,phishtank,feed_domain
https://c5d-sjhq05-dci1cp-rqtum-efwhz.pages.dev/,phishtank,feed_domain
https://bntp374x-yfhcn39zfn-5e8a-wjr73k.pages.dev/,phishtank,feed_domain
https://bntp3725nhw-yfhcnfyn-7d5e0f-xk266a.pages.dev/,phishtank,feed_domain
https://did.li/n35mx0,phishtank,feed_domain
https://surl.li/yisahm,phishtank,feed_domain
https://surl.li/loietc,phishtank,feed_domain
https://did.li/2EgJw,phishtank,feed_domain
https://did.li/rK2gT,phishtank,feed_domain
https://did.li/Gov-co-il-he,phishtank,feed_domain
https://did.li/gov-co-il-6-2026,phishtank,feed_domain
https://did.li/Gov-co-he,phishtank,feed_domain
https://did.li/LRrba,phishtank,feed_domain
https://did.li/C8CDN,phishtank,feed_domain
https://did.li/C7CDN,phishtank,feed_domain
https://did.li/wFZx5,phishtank,feed_domain
